t,value,sigma,var
0,-0.6994144142473602,0.7071067811865475,0.4999999999999999
1,-0.2595010728505774,0.7055750169694187,0.49783610457139554
2,0.8268538596366393,0.6420045358912642,0.41216982410495745
3,0.1349537003107342,0.695729369440572,0.4840393555021759
4,0.5776720528181406,0.6277468546689959,0.3940661135468175
5,0.36644076199598274,0.6349650921503601,0.4031806682495154
6,-0.3864986307849168,0.6072595551822536,0.3687641673601485
7,0.32114258491150843,0.5925662315183107,0.3511347387358122
8,-0.18223014025311754,0.5755930465269854,0.33130735521021637
9,-0.1781694987440463,0.5526535785910229,0.305425977929464
10,0.0522905057223762,0.5381491064883592,0.28960446081421937
11,-0.7991994563083136,0.5237456786325516,0.274309535886272
12,0.7467278504757192,0.626362255986473,0.392329675724464
13,-0.4486365241091076,0.6685194851086212,0.446918301969896
14,0.6392386269238962,0.6390664498586027,0.40840592733487796
15,0.08905523802678382,0.6532754096330554,0.4267687608312364
16,0.9162114039806957,0.5980363062413044,0.35764742358274326
17,-0.4584185370895241,0.6946057309772944,0.48247712150650146
18,-0.20481760784715763,0.6568986100863365,0.43151578393336076
19,0.2047057923915429,0.6060524076817638,0.36729952085686285
20,-1.2657120406825828,0.5733764948110862,0.3287606048018476
21,0.6506755477174573,0.7859145989653598,0.6176617568668822
22,1.1487709893986728,0.7451662819798087,0.5552727877996119
23,0.9407984022303354,0.8349243258502942,0.6970986298965682
24,0.6293527568404238,0.8338342189342983,0.6952795046657714
25,-0.11273280964143838,0.7722594650167721,0.5963846813079912
26,0.8697803872699,0.6785075873258347,0.46037254605872524
27,0.7800798434878342,0.7263106167825929,0.5275271120511106
28,0.2880406251609008,0.7336355905174361,0.5382211796738672
29,0.0033906242785340353,0.6629677127529944,0.43952618815293687
30,-0.21817812211547427,0.6030903847337991,0.36371801215836175
31,-0.7043024478430414,0.5724955422437663,0.327751145888984
32,0.7715107635686449,0.6291733267875637,0.39585907514093044
33,-1.4676351496756226,0.6756931380034971,0.45656121674501293
34,-0.33204658001585624,0.8970659488352488,0.8047273165596853
35,0.12784578692381923,0.7777450586123041,0.6048873761958564
36,0.5871177392300906,0.6827893780400717,0.46620133476434794
37,1.1800004220891962,0.6698225502342686,0.4486622488023393
38,0.7994112433038286,0.8047841626843435,0.6476775485075399
39,-0.22888018983370922,0.7851230453175085,0.6164181962886386
40,0.5046339748419149,0.6930571015672851,0.4803281460328461
41,-0.8360213012448107,0.6626673202540304,0.43912797733265774
42,1.0144132561450667,0.7094103957700423,0.503263109626608
43,-0.12198701481837815,0.779592660704635,0.6077647166245321
44,-0.46074239833347824,0.6838384285279522,0.4676349963315791
45,-0.4156533109047761,0.6504134910373282,0.4230377093233646
46,-0.038240277000643405,0.6231983316467071,0.3883761605672392
47,-0.22676931936658173,0.5773371286322756,0.3333181600973607
48,1.2755348484897981,0.5570240218335408,0.31027576089961295
49,-0.5616356975132805,0.7820251188306846,0.6115632864821463
50,0.023739353046021785,0.7280280923381552,0.5300249032335336
51,0.01813784534363614,0.6466279094786498,0.41812765331672885
52,0.016748515952257816,0.5924039063652259,0.35094238827677926
53,0.030846147902937417,0.5573343121712391,0.31062153552338817
54,-0.25778830228689187,0.5353159985299552,0.2865632182821229
55,-0.3115794212096239,0.534068247257282,0.2852288927284653
56,-0.46473064884530596,0.5390303171263598,0.290553682781344
57,-0.8385796269292956,0.5634954523898504,0.3175271248640422
58,0.14203297541199345,0.6566273167167207,0.4311594330586006
59,0.5928613091820654,0.6022709797558214,0.36273033305603714
60,-0.338256898348471,0.6228443675739845,0.3879351062186368
61,-0.33313536493156104,0.596359463400429,0.35564460958724764
62,-0.18333689411600523,0.5792949162783715,0.33558260002596546
63,-0.25567457820369444,0.5550423797913092,0.3080720433644
64,-0.7839416646276159,0.54581784874312,0.2979171240065674
65,0.8651631908587208,0.6337690282048847,0.4016631811117639
66,0.30751914800437324,0.7004993776088791,0.490699378030427
67,-0.4575558300079184,0.6429099719992865,0.41333323209612327
68,0.18555310716993564,0.6243968343709959,0.38987140677252097
69,-0.2559662468185163,0.5837883479306487,0.3408088351795961
70,-0.11926835866907541,0.5635503926090631,0.3175890450098292
71,0.19714560978024448,0.5416626397323527,0.2933984152818206
72,0.5076826789770298,0.5327403940571968,0.28381232746021723
73,0.8620346726599911,0.5673056821351159,0.3218357369827891
74,1.1324554425862239,0.6646218455356979,0.4417221975632771
75,-0.19619228581099174,0.7883681782178923,0.6215243844265983
76,-0.34645696463580394,0.6932625139572364,0.48061291325830735
77,0.0639579015878078,0.6421637124783021,0.41237423362391534
78,0.07573801044301458,0.5901208883012466,0.3482426628094524
79,-0.4088586628243013,0.5568598090460871,0.31009284693084466
80,-0.35071335289687794,0.565233393733776,0.3194887893918019
81,0.4573847678660197,0.5623995419762672,0.31629324481511517
82,0.9454494882472869,0.5758611916636158,0.3316161120642397
83,-0.15655528492892096,0.6911907220181382,0.4777446142039552
84,-0.405456784144672,0.6257385076613139,0.3915486799702082
85,-0.17185669353675895,0.6064719686382155,0.3678082487439127
86,-0.5686998492658016,0.571482190334069,0.3265918938690251
87,-0.16386831076443834,0.6005322972433741,0.3606390400324042
88,0.23962452296974168,0.5672336279470749,0.3217539886740006
89,-0.04488896249624773,0.5518481454223577,0.30453637560609564
90,0.6569122650299752,0.5320947558043166,0.2831248291544553
91,0.09005141902839249,0.5968095527737769,0.35618164228203564
92,0.2701694295988567,0.5615432636787897,0.3153308369830268
93,-0.08199182773623162,0.5511776540533645,0.3037968063277704
94,0.7006739700070801,0.532562311621624,0.2836226157597678
95,-0.7418765517949073,0.6069286382310174,0.36836237190495724
96,-0.1993311445763285,0.6565771750248365,0.4310935867635947
97,-0.7106418235268851,0.6054772771110232,0.3666027330977787
98,0.5361006167824087,0.6488173858088195,0.42096400012779056
99,0.5445112159927,0.6403586294722435,0.4100591743395701
100,-0.32836780261282444,0.6366584621852692,0.40533399747211185
101,1.001431099283554,0.6039581783880587,0.36476548124182206
102,-0.2142420296065357,0.7207164061318063,0.5194321380675467
103,-0.8974260833899244,0.6487212130726986,0.4208392122905136
104,-0.20152344654442175,0.716643734643668,0.513578242404024
105,0.232281395444833,0.6451893406929805,0.41626928534384294
106,-0.1407430856776036,0.6004602405990471,0.36055250054026555
107,1.2821590161573382,0.5659445410615513,0.32029322355737
108,0.6740546038113234,0.7880116005980703,0.6209622826771327
109,1.299552469846019,0.7506312619323336,0.5634472913901276
110,1.2207091861032697,0.8808153604534006,0.7758356992106541
111,-1.566535404404553,0.9292618591838223,0.863527602933774
112,-0.3978002959933275,1.0530542229205728,1.1089231964108515
113,-2.4358561630457505,0.8927502074740653,0.7970029329449867
114,-0.8587304146737951,1.3284881667431538,1.7648808091765855
115,1.2745461501403774,1.1429838452590295,1.306412070523117
116,-0.9270494642378146,1.099427496509616,1.2087408200814016
117,-0.6357736980501758,0.9985632848635908,0.9971286338775648
118,0.2878711531647248,0.8826770753525992,0.7791188193530181
119,0.601689735291062,0.7642285337362695,0.5840452517766885
120,-0.25764026612873747,0.7230720977723721,0.5228332585769389
121,-0.1671563073030915,0.6534337430010334,0.4269756564923406
122,0.48658325437505956,0.6014762174098369,0.36177364010964547
123,0.153367473270275,0.6036694764135686,0.36441683675343206
124,-0.16222621425409808,0.568642610453632,0.323354418423521
125,0.172052704853913,0.5470613493680173,0.2992761199723559
126,0.04067240626802782,0.534308991720075,0.28548609863292307
127,0.13270810075906767,0.521174162930282,0.27162250810608013
128,1.0331001860901603,0.516232305135066,0.26649579286506386
129,-0.2099858628027914,0.6880092111439665,0.47335667461894315
130,-0.3383038011267962,0.6267637651354555,0.39283281728677244
131,0.8465153381737005,0.5988234988236778,0.3585895827434312
132,-0.4778335451759668,0.677105156677104,0.45847139319872565
133,1.1156076245950548,0.6486507652799941,0.42074781529832195
134,-0.150595955464859,0.7754771199654554,0.6013647635899173
135,0.05037103786742039,0.6821691040456356,0.46535468651442513
136,0.45207235479841695,0.6162144595835312,0.3797202601998233
137,0.7366143907463676,0.607211692010695,0.36870603891449116
138,0.6535809246936988,0.655548453952584,0.42974377547962317
139,-0.13557892548846734,0.6657926631560819,0.44327987031246796
140,-0.2227827808080647,0.6079837589893354,0.36964425119480226
141,0.20012523604958152,0.5759452961886191,0.3317129842017962
142,0.0746491754427536,0.5541099282108721,0.30703781254185786
143,-0.34308278431459527,0.5341696241868975,0.2853371874039713
144,0.22298543003000357,0.5429028198683387,0.2947434718209938
145,0.5323792118941864,0.5355283218408989,0.28679058349372943
146,0.09547092491577462,0.5733758585323004,0.32875987514765265
147,0.855321781350568,0.5468810333056416,0.29907886458944627
148,0.267724069394563,0.6525047039556187,0.42576238868420957
149,-0.09475079010571769,0.608105803850911,0.36979266867716265
150,0.057014358865727324,0.5689210346361164,0.3236711436514291
151,-0.30414162475639156,0.5430035116039597,0.2948528136142315
152,-0.560529291216195,0.5435182736122406,0.2954121137504304
153,0.2778965749178258,0.5831688310536874,0.3400858855125243
154,-0.48229164347282744,0.5652405086135691,0.3194968325777263
155,-0.20837047016888377,0.5815661144009165,0.3382191454193799
156,-0.04979369895631966,0.5582249885299907,0.3116151378193083
157,0.2064765273177537,0.5361575936072671,0.28746496518273545
158,0.24446174307829122,0.530099509881193,0.2810054903762811
159,0.02872085491249975,0.5296749975140831,0.2805556029915439
160,-1.0007423147421572,0.5181682538484071,0.2684983392963073
161,-0.1403304440064957,0.6792613927501567,0.4613960396808826
162,-0.4785625847850501,0.6170706203600538,0.3807761505115416
163,-0.06811978236704769,0.6117762007614832,0.3742701198181546
164,0.5655688501938951,0.5705174255365383,0.32549013284083955
165,0.4824031837853496,0.5993894431556437,0.35926770456643264
166,0.13258376197680785,0.6017501051808034,0.36210318908510797
167,0.28644834954508697,0.566372319449891,0.32077760423904933
168,-0.8272083421353331,0.5557671220348056,0.30887709393485047
169,0.1266160238863307,0.6497545572141588,0.4221809846205675
170,0.3728883284094062,0.5970886988323404,0.3565149142732973
171,-0.4127784146074941,0.5845665827403843,0.34171808965677064
172,0.2358363706908132,0.5823298530105061,0.3391080577072376
173,-0.21359858115174427,0.5608819781134579,0.3145885933724655
174,0.5460586080999792,0.5457820323146292,0.29787802679748693
175,0.644755705093641,0.5816896223713378,0.3383628167745095
176,-0.3323235578739632,0.6214174715236653,0.3861596739148654
177,0.8701421179800697,0.5947971030296979,0.3537835937725211
178,-0.1294361152716473,0.6809549304910575,0.4636996173600809
179,1.273691897642841,0.6177139402695812,0.3815705120033716
180,-0.39733896968450305,0.8083319350528144,0.6534005172262274
181,0.04613490595104191,0.7236131298571945,0.523615961701725
182,0.13727068861447955,0.6438907228175114,0.4145952629304573
183,-0.4457767720228198,0.5937388366519518,0.35252580614881307
184,-1.0225823456889331,0.5926709624946247,0.3512588697843049
185,-0.5765417560175888,0.7210341549562815,0.5198902526135191
186,0.7467361930563056,0.691674945949671,0.4784142308544804
187,-0.2320701689255897,0.7060959757120366,0.49857152691673307
188,-0.20917241669782874,0.6402454441939203,0.4099142288110702
189,0.9033560205170268,0.5955662492687813,0.35469915726808415
190,0.34051601052304215,0.689949211407421,0.47602991432172226
191,0.44904268441089595,0.6393810908038641,0.4088081792775391
192,0.5274883123800358,0.620977273377305,0.38561277405111216
193,-0.5645105811194935,0.6221064606401182,0.3870164483701749
194,0.07848284042454409,0.6292410573550319,0.3959443082612786
195,0.08743584420660412,0.5820639966575738,0.33879849620498803
196,-0.0877093496607461,0.5520942882274885,0.30480810309341716
197,-0.582928782513227,0.5333136486718041,0.28442344785963247
198,0.2698764888202356,0.58190657481442,0.3386152618122501
199,-0.9348433260756931,0.5636806018756879,0.31773582093093783
200,-0.6392882797625411,0.6822227652462322,0.4654279014202156
201,-0.5495129710946207,0.678965862014048,0.4609946417804792
202,-0.2724404575364241,0.6610519541976523,0.436989686148535
203,0.5164600122623222,0.6140346669933646,0.3770385722696522
204,1.0206675333355684,0.6160919835665701,0.3795693322149909
205,1.2610378234658846,0.7321844317178953,0.5360940420500573
206,0.6934298005461984,0.8600579652978917,0.7396997036723495
207,0.35175201629136965,0.7999929998821976,0.6399887998605178
208,-1.666565777650864,0.7132595433005572,0.5087391761093194
209,1.107708551927899,0.9801692730916417,0.9607318039129973
210,2.5241210380581487,0.9601264133178709,0.9218427295506391
211,0.6287228304541436,1.3882878090237387,1.9273430406839327
212,0.2704611933530821,1.1556229073176136,1.3354643039172136
213,0.668673601937913,0.9570310516238869,0.9159084337723228
214,0.6263536187394869,0.8596336065144954,0.7389699374491182
215,0.106391238393695,0.788571958422997,0.621845733611081
216,-0.25773546991810575,0.689471724792277,0.4753712592880374
217,0.22836958647006925,0.6312751144022737,0.3985082700636038
218,-0.8110227280922314,0.5912152701369141,0.34953549564306435
219,-1.2504653207281495,0.664283727395359,0.4412728704822717
220,1.1201909231709635,0.823101710579023,0.6774964259581138
221,-0.3986616459667904,0.8703237308299661,0.7574633964457913
222,0.5481920397798038,0.7656789532568234,0.5862642594604649
223,1.1122263991606294,0.7154449372047211,0.5118614581718673
224,0.9872410330647893,0.8090280511212725,0.6545263875010843
225,-0.4588973138365057,0.8292435130732209,0.6876448039740171
226,0.24187182850967923,0.7447846878888437,0.5547042313136823
227,-0.7774599608066922,0.6667255320396336,0.4445229350735325
228,-0.07302187439441432,0.6982854424772352,0.48760255917562817
229,0.6562687128920436,0.6273977799876181,0.39362797433339164
230,0.020812486065136557,0.6498572991851602,0.42231450930423087
231,-1.6952471694556204,0.5945379193102663,0.3534753374977808
232,-2.1200851602236566,0.9417312756875642,0.886857795608127
233,-0.9918522294807792,1.23736287914459,1.5310668946849897
234,1.4698312413683203,1.1024492305027893,1.2153943058361922
235,0.2235894438006613,1.1230838611262217,1.2613173591221827
236,0.13152739247832967,0.9310149640844273,0.8667888633491274
237,-1.0391418928847564,0.7896411900375424,0.6235332090039062
238,0.12164258938496213,0.8307124051752006,0.6900831001119667
239,-1.6359252209628525,0.7190335485758893,0.5170092439776357
240,0.33237899233403745,0.9723455209456425,0.945455812103053
241,0.9791023714120164,0.8302822689729258,0.6893686461708298
242,-0.6866514252550106,0.8398508667873271,0.7053494784434247
243,0.8521364348201934,0.7858165963041264,0.6175077230270023
244,-0.5648917430524358,0.7846858827109198,0.6157319345258153
245,0.10761987214356711,0.7302463262415313,0.533259696989253
246,-0.08833467888071028,0.6498247652787568,0.4222722255695913
247,0.055922038837359016,0.5957549315283478,0.3549239384403464
248,0.8550665760029075,0.5599819800223514,0.31357981794975326
249,0.5807846096963027,0.659071817520154,0.43437566064931915
250,-0.44342229741100103,0.6542839971767679,0.42808754896160883
251,-1.7403393485761671,0.629426084735305,0.39617719614521535
252,0.8691404099144135,0.9713199922412967,0.9434625273276327
253,0.690549929022223,0.903968211181023,0.8171585268258186
254,0.13705183596386772,0.8280500932854308,0.6856669569900106
255,-0.40063821753177936,0.7177442548305208,0.5151568153422197
256,1.0617041735025963,0.664226080092268,0.4411962854747401
257,-1.372970681469441,0.7682193187439446,0.5901609216914103
258,-0.7150787430059828,0.9116502901056843,0.8311062514497785
259,-1.227648297546281,0.8372163833858427,0.7009312726096704
260,0.3366391483156835,0.9066326886117987,0.8219828320594587
261,-0.36612587598990715,0.7847642209424541,0.615854882471417
262,1.4873370850570367,0.7045016400951282,0.49632256089672555
263,0.016322078107570404,0.9166394369953913,0.8402278574552279
264,-0.18562387151980614,0.7772965949493711,0.6041899965198866
265,0.39237511378151235,0.6851315510524474,0.4694052422475323
266,-0.4702247451608674,0.6422108620472954,0.4124347913315303
267,-0.6783601989207569,0.625845937105322,0.3916831369912387
268,0.34961909443097205,0.6534863381056294,0.427044394090705
269,-0.3017181430346945,0.6169873083723599,0.3806733386925696
270,0.5745919237684936,0.5887365886224523,0.3466107707828026
271,0.20473584380011287,0.6115534631098717,0.3739976382416772
272,0.06716009617360177,0.5768725475287545,0.33278193609231516
273,0.037527488781682924,0.5482437937259287,0.3005712573589986
274,-0.04572202296179831,0.529739952144683,0.280624416898251
275,0.2112840854587709,0.5184522647416003,0.2687927508156945
276,-0.20648257634757794,0.5198113537073297,0.27020384344304654
277,-1.0184756523517278,0.520239672586448,0.2706493169328546
278,0.05332844015129898,0.6854546819785888,0.4698481210463683
279,-0.2848552733120383,0.6184477804419829,0.38247765713361515
280,-0.8095954681787398,0.5879754243392357,0.3457150996269043
281,0.5169749932435994,0.6622069345720061,0.4385180241952532
282,-0.24541728795192783,0.6454172628966441,0.41656344324499583
283,-1.050022181605131,0.6016510575010514,0.3619839949921334
284,-0.054824036076601,0.7332801056675681,0.5376997133678398
285,-0.4389717846211965,0.6505543505404061,0.4232209630070496
286,-1.0659780210970005,0.6264757164830361,0.3924718233429334
287,0.23419095852362026,0.750163263762053,0.5627449222981354
288,-0.7036519267832478,0.6697880518415685,0.44861603438972364
289,0.49154352131423446,0.6842476360550979,0.4681948274469896
290,-0.5880027968745988,0.65516402765826,0.4292399031373932
291,0.6382240231629924,0.6532177276443942,0.426693399708906
292,0.28138540923167515,0.6614242364578234,0.4374820205738148
293,0.06680389482474665,0.6150811020101206,0.37832476204998433
294,-0.43280233069575635,0.5726145381517498,0.32788740930274174
295,0.5230682154306558,0.5780968924607542,0.3341960170727808
296,0.3001282525465894,0.5960181891875705,0.35523768184243065
297,-0.20854747180005545,0.5754632939647778,0.33115800270079226
298,0.3219230455313027,0.5544305287583958,0.30739321121931434
299,-0.5665474010552485,0.552415438035921,0.3051628161804184
300,-0.7541859874421755,0.5893156041008437,0.3472928812367424
301,-0.06209136724724621,0.6497191927847532,0.4221350294728713
302,0.04231610013614819,0.5950227602882509,0.35405208526104925
303,0.23931778705449228,0.5592757652739622,0.3127893816227761
304,0.03557580833086074,0.5469261646820324,0.29912822961379754
305,0.6562073198061913,0.5288951364835541,0.27973006539595735
306,-0.7677787982901695,0.5949450802813815,0.3539596485510194
307,0.37279458491268136,0.6559517099233685,0.430272645751391
308,0.14018204130631176,0.6212557830385793,0.3859587479588783
309,0.7855558008150083,0.5792283226123252,0.3355054497162879
310,0.08140866638461178,0.6517076438623338,0.4247228530685946
311,0.18876716447066916,0.5967907388973633,0.3561591860336609
312,0.9976116917634039,0.5664116171978254,0.3208221200966559
313,0.5582783857130664,0.7010984877794286,0.49153908956660164
314,0.4115107689878894,0.6762088471255301,0.45725840493083847
315,-0.24926521728261586,0.6389235208983184,0.40822326555710386
316,0.08306381797989658,0.5977964444889684,0.35736058904365225
317,-0.9285858230217666,0.561957536649942,0.3157962729976708
318,-0.5734429098467612,0.6796558614048767,0.46193208994200485
319,0.43059174348324075,0.6655273158450425,0.44292660813590706
320,-1.129229510944188,0.6346950565371781,0.4028378147927316
321,0.07175774644326324,0.7724859523338201,0.596734546553089
322,0.01208357512853468,0.6775474616340736,0.4590705627667765
323,0.23842313053099834,0.6127573257151997,0.3754715402176433
324,-0.9842211366694547,0.5802172368734199,0.33665204196502624
325,-1.4298898018290387,0.7040805879673139,0.4957294743523984
326,0.9963562723526311,0.8979725239039202,0.8063546536863766
327,0.09793275857214458,0.8845100092724287,0.782357956503112
328,0.31002744139446303,0.7558656884276315,0.5713329389421772
329,1.0988613982933497,0.6797228598839572,0.4620231662488258
330,0.13673809266990586,0.7865832278158101,0.6187131742811386
331,-1.3536496962779077,0.6891787618362045,0.4749673657660839
332,-0.2705382957955521,0.8668644181798585,0.7514539195063046
333,0.6154210643619491,0.7520043521165121,0.5655105456021751
334,-0.30530597802964876,0.7176732854533349,0.5150549446533839
335,-0.19806879536616634,0.6539688943949539,0.4276753148361584
336,-0.363159119281295,0.6036981351977625,0.3644514384412559
337,0.8622413595242562,0.5874076712541186,0.3450477722481867
338,0.8393171368343749,0.6750708820292574,0.45572069576375956
339,-1.2979237128875856,0.7171632092453059,0.5143230686950263
340,1.6442224472619769,0.8634321247858426,0.745515034112195
341,-0.8074249878993593,1.0430735888149743,1.0880025116833498
342,1.9055368800018804,0.9397811070812533,0.883188529226866
343,-1.5301143262348857,1.164528779268928,1.3561272777455797
344,1.29500961564697,1.1755536299621534,1.3819263369171955
345,-0.6369670129337694,1.124529138383679,1.2645657830739399
346,-0.15096787087388056,0.9694765933004869,0.9398848649575177
347,0.7222571638940637,0.8176118752695248,0.668489178581749
348,-0.575519465601439,0.7780903477799405,0.6054245893083087
349,0.2294426369455973,0.7276670149472342,0.5294992846422184
350,0.20120199735808458,0.654391591873735,0.42822835551504085
351,0.7197391318664818,0.6041799914406311,0.36503346205720105
352,0.8884585298583516,0.650096116603002,0.422624960822304
353,1.3437865510530482,0.7151550100146087,0.5114466883489951
354,0.26630201971965306,0.8763677720954863,0.7680204719676064
355,0.309927383627237,0.758284667075576,0.5749956363219171
356,-0.387399148141646,0.6813283924933374,0.4642083784175552
357,-0.4901692671736486,0.6391718446917916,0.40854064704670773
358,-0.828424722257641,0.6270387311198049,0.393177570324335
359,-0.15565343805621834,0.6878692072510085,0.4731640462841309
360,0.09751585974753928,0.6234934051986618,0.38874402632622274
361,0.01170404975292625,0.5789199291579052,0.335148284376194
362,0.31460518868712284,0.5487407107020948,0.3011163675818402
363,-0.7433947136251727,0.5481469743589543,0.3004651054988762
364,1.0831287189288925,0.6251449458713525,0.39080620334849625
365,0.23168270827234388,0.7543986256368754,0.5691172863628065
366,0.7351384239396865,0.6724624504611135,0.4522057472801655
367,0.23904724175916062,0.6923937816290702,0.4794091488386045
368,-0.5537147567357001,0.6317232036752293,0.3990742060616952
369,-0.20629216639400696,0.6330596575382073,0.4007645300023922
370,-1.9484162985879316,0.5907368361500253,0.34897000958454183
371,0.22107003767616812,1.0337539457101697,1.0686472202713444
372,-0.06005931848031525,0.8665810547631624,0.750962724474435
373,0.9006574010920837,0.7424951575814653,0.551299059031925
374,-1.3522218634196779,0.7700754419195202,0.5930161862475443
375,-0.07122748613980624,0.9063721671204185,0.8215105053305638
376,-0.23536620676600364,0.7706626850670126,0.5939209741546976
377,-0.8636286284927271,0.6836900136394432,0.467432034750302
378,-1.0684632682375126,0.7277568978997223,0.5296301024406269
379,-0.9448765620342724,0.8038039640229037,0.6461008125789335
380,0.8030710826616114,0.8162222926652404,0.6662188310437014
381,0.7812562993472675,0.7929160935355515,0.6287159313876793
382,-1.114728268463946,0.7741458776526328,0.599301839886565
383,-0.14030301502241133,0.8414897066717243,0.7081049264344645
384,0.34424136589669374,0.7271863193608324,0.5287999430655546
385,0.21625886377590137,0.6640635432232498,0.440980389438217
386,-0.9285607567828744,0.6115078191611771,0.37394181289525896
387,-0.4240887207097087,0.7048475746887353,0.4968101035445923
388,-0.9459049663101504,0.658829500503275,0.43405631073339485
389,0.746478362071451,0.7344256446353696,0.5393810274980783
390,1.898434883941061,0.7314879394132362,0.5350746055070222
391,-0.05329096718046395,1.068576513412622,1.1418557650170753
392,-1.9019044524305124,0.886386735261111,0.785681444446851
393,0.9314573386956373,1.137917824758498,1.2948569759031119
394,1.5956139577769537,1.0249081618876197,1.050436740303859
395,1.6462203742454316,1.113309851134374,1.2394588246328422
396,0.19380647422051522,1.1771506271059193,1.385683598895859
397,0.513380334778597,0.9689800561556842,0.9389223492274728
398,0.08026557687308754,0.8462064069504321,0.7160652831639605
399,0.5250314589324716,0.7286478453028803,0.5309276824645301
400,0.6479284946294446,0.6882501115528206,0.47368821605247
401,-0.515622856596672,0.6842332909629856,0.46817519646203765
402,-0.38641858121206285,0.6588463431834505,0.434078503926205
403,-0.2134575670462541,0.6247487225572468,0.39031096633691176
404,-0.13493655193970733,0.5859175764457047,0.34329940638800827
405,0.10668586009404826,0.5564361764323743,0.3096212184426804
406,0.6003866557666272,0.5367020641048529,0.2880491056144096
407,-0.7673497031393922,0.5873008519091154,0.3449222906531727
408,0.5985943295180852,0.6517042947330686,0.4247184877735263
409,-0.1286611060860128,0.6530651781639846,0.42649412693035693
410,-1.7177776885110283,0.5993389793781725,0.3592072122020694
411,-0.3794399461945327,0.9516703025473159,0.9056763647504998
412,-0.22373371214513105,0.8198784991716285,0.6722007534039219
413,0.39277708110708454,0.7164717767172697,0.5133318068324012
414,0.39055979360915566,0.6624604525464453,0.438853851188041
415,-0.003994714242182877,0.6275505566802008,0.39381970118962983
416,-0.47230385871935643,0.5799094862667391,0.33629501226215325
417,0.5607511814545748,0.5885500780303496,0.3463911943495307
418,-0.4122845943949039,0.608870342610197,0.3707230941102587
419,-0.7095235506972352,0.5970172307573955,0.3564295738212293
420,-0.4130247703758046,0.6438497325397752,0.41454247809154
421,-0.3332578771616982,0.6187433870706993,0.38284337904372123
422,-0.06769463552132808,0.5932269295676799,0.351918189964297
423,-0.2502402034841825,0.5586299550814039,0.3120674267142513
424,-0.1994958810092646,0.5475075231597387,0.2997644879165118
425,0.3978716417161796,0.5364871052111501,0.2878184140578396
426,0.4394139630084373,0.551680538981655,0.30435141709108937
427,0.30200460441268734,0.5667695973074153,0.3212277764320097
428,-0.17256302259184092,0.5576540343945326,0.3109780220764986
429,-0.3609007837869941,0.5408719003600627,0.29254241259910563
430,-0.12728069040878717,0.5491587409001851,0.3015753227070767
431,-0.07820160786614996,0.533090300469286,0.28418526845443354
432,0.43863068149587003,0.5212813629578851,0.27173425936723034
433,-0.1538699270672724,0.5491083049547189,0.3015199305702445
434,-0.6438759549601976,0.5344596797077252,0.28564714923328427
435,-0.4983743252277856,0.5952340200418251,0.35430353861515185
436,1.0618249705063987,0.6018783238980627,0.3622575167783413
437,-0.6871684727319909,0.7367828470215547,0.5428489636651876
438,-0.9114678176275612,0.7212138935034987,0.520149480182476
439,-0.22179244163175343,0.7604238322301816,0.5782444046236355
440,1.190231203842612,0.675858727995116,0.4567850202071762
441,0.07819442506970964,0.8108027354692585,0.6574010758444324
442,0.20603448691345777,0.704033748572507,0.49566351912905593
443,-1.0044178906111318,0.6370935201655813,0.40588815343697193
444,-1.1068038705911654,0.7384469864913299,0.5453039518581263
445,-0.0019436806773491537,0.8198690948596568,0.6721853327059928
446,-0.3246501631030574,0.709444821816687,0.5033119552025108
447,0.2534493898577189,0.6504357914522192,0.4230667188020748
448,-0.6676009322289591,0.6055471492172141,0.3666873499250949
449,0.6735815517298068,0.6396488184133947,0.409150610897652
450,0.8965832199253255,0.6604792108043508,0.4362327879047381
451,-1.1181803244558521,0.7228498922965789,0.5225119667931758
452,0.19968894850745886,0.8145996732603963,0.6635726276759444
453,-0.19864531009621622,0.7114202076387551,0.5061187118367695
454,0.9254780815179826,0.6415319313539319,0.41156321894670606
455,0.16257204339916134,0.7198887881069302,0.5182398672420647
456,0.6149988538734574,0.6451587821646967,0.4162298542042346
457,-0.04974452358061902,0.6522136387531879,0.425382630575674
458,0.18739073481108584,0.5964264262007989,0.35572448187065697
459,1.2073716159000856,0.5660898750384094,0.3204577466210019
460,1.5865135540143283,0.7640836942042657,0.5838238917488379
461,-1.656695764721601,0.9765753357849756,0.9536993864635377
462,0.42129547259154,1.1050555656832017,1.2211478032474208
463,0.22482489530484684,0.9317653443832724,0.8681866569936783
464,-0.852980881905138,0.7943684541231317,0.631021240905974
465,-0.6067387142155782,0.7900177349418922,0.6241280215227178
466,0.13691706800310618,0.7403399127287582,0.5481031863792254
467,0.6287934781494673,0.6577318363357887,0.43261116852964865
468,0.346458445904859,0.6623012522639906,0.4386429487504501
469,-0.2605566596452911,0.6222479089543268,0.3871924601980321
470,-0.6241001447315389,0.5881270531916737,0.3458934306959217
471,-1.2995886604307574,0.6208351283137404,0.3854362565483386
472,1.2596571898599396,0.8179534774014017,0.6690478911930453
473,-0.5037784123792338,0.9048624104851495,0.8187759819089951
474,-0.6886312956707971,0.8012640806258979,0.6420241269012654
475,0.25714185914319443,0.7616147900456026,0.5800570884162074
476,-0.05833677453474103,0.6791602463295744,0.4612586401944481
477,-0.010234096475414982,0.614358055183858,0.3774358199692923
478,0.3754977106871734,0.5713864185712757,0.32648243932770904
479,-0.2767980121369661,0.5692883010767804,0.32408916974288704
480,-0.5886852313177239,0.556576077235024,0.30977692975032745
481,-0.08494874431855275,0.5959666250424741,0.3551762181645169
482,0.03678368557782474,0.5608466713202191,0.3145489887309699
483,-0.5851281108486349,0.5375872032921911,0.28900000114351965
484,-0.6461712970502261,0.584700762704454,0.34187498190717025
485,-0.6529424989015952,0.6234039285813143,0.3886324581706164
486,0.5277337093030172,0.6468742198269628,0.4184462562767418
487,0.8829556467075066,0.6377839190141041,0.4067683273529894
488,0.9004713778629623,0.7070948530588579,0.4999831312223279
489,-0.6846352590243501,0.7497730451299787,0.562159619203481
490,-0.505518036693136,0.7287255032602855,0.5310408591019564
491,-0.875367439864881,0.6853715872033144,0.4697342125455904
492,1.3435098544592265,0.7315013044981351,0.5350941584824734
493,-0.4282224412703952,0.8843416991724943,0.7820602408952944
494,-0.029227106871356302,0.7784028753664082,0.605911036378692
495,-0.3240949555612231,0.6809680363882208,0.4637174665824291
496,0.10582669843432593,0.6318528214651762,0.39923798799350374
497,-0.613045439678658,0.5846218015233474,0.3417826508164042
498,-0.38254271855117467,0.6166316021029107,0.38023453271200236
499,-0.5452936208179209,0.5978365210745376,0.35740850593050605
500,-1.446255315709354,0.6114851839082017,0.37391413013924735
501,0.21929591820119013,0.8617884692469847,0.7426793657270611
502,0.549919478894215,0.7451347256598482,0.5552257593841772
503,0.6814854773855745,0.7025793494573856,0.49361774228396327
504,1.090290411358355,0.6993247718677402,0.48905513654786686
505,0.7545343179773726,0.7944681983243346,0.6311797181487142
506,-0.05562368162585741,0.7697871382988574,0.5925722382903442
507,0.36672320113684165,0.6753977655913066,0.4561621417657295
508,-0.33616373116580495,0.6329253244339715,0.4005944663098482
509,0.4775446810968665,0.6024598663945774,0.362957890616172
510,-0.17318958299613757,0.6028138343290446,0.3633845188584848
511,-1.3235100485416373,0.5692360122539385,0.32402963764676607
512,-0.025332181848249556,0.802965473919145,0.6447535523061971
513,0.042714220744369265,0.6978398636300143,0.48698047527115684
514,-0.7362482439906343,0.6265406499928426,0.3925531860934538
515,0.3159366789273573,0.6662913829638882,0.44394420701193077
516,0.7377806914841946,0.6215542785835265,0.38632972122548803
517,-0.7674466935441848,0.6638236983421668,0.44066190248067205
518,0.5249389936467244,0.6944004802524143,0.4821920269747836
519,0.5782454487708197,0.6666538874071293,0.44442740559503735
520,-0.6257616589647658,0.6584299531171526,0.43353000316185575
521,-0.2933914364614834,0.6621431360840198,0.43843353266318064
522,-0.6741384093454974,0.6166650846251107,0.3802758265956949
523,-0.3746294200859965,0.6473469046410838,0.41905801494839245
524,-0.030805137383952397,0.6160391622679758,0.37950424944782946
525,0.6677986953105572,0.5726188444039775,0.3278923409665465
526,-0.39691411081760314,0.6212297675350276,0.3859264240716244
527,-0.9367649837208745,0.6025479372765293,0.36306401671620037
528,-2.2086157546636334,0.7023846075867796,0.49334413697483426
529,-0.7840363921617075,1.1711546407433062,1.3716031925345828
530,-1.3432596298764001,1.022694738603626,1.045904528367539
531,0.19360676684807293,1.0432698613837457,1.08841200367166
532,0.20006553875762959,0.872091691416028,0.7605439182368687
533,-1.1921440309439206,0.7512200708858872,0.5643315949017973
534,0.30801671856617635,0.8502002323241993,0.7228404350441224
535,-0.15730116907225117,0.7434239172973442,0.5526791208097285
536,-0.16728839336302612,0.6607239999002128,0.4365562040441364
537,-0.3156001116158085,0.6062431886110378,0.36753080373727837
538,0.56037084659499,0.5834716516959064,0.3404391683327492
539,0.3602292089021954,0.6058602133680397,0.36706659814236664
540,0.11015434335160751,0.5883816580032728,0.3461929754746803
541,0.6409556789629527,0.556904463222062,0.31014258115665294
542,0.0210740076736018,0.6068363742995007,0.3682503851729637
543,0.07857891202288467,0.5666030831752186,0.32103905386366366
544,0.29018093614622525,0.542087042273783,0.29385836140113825
545,-0.14640974219787353,0.5414388349400354,0.2931560119812229
546,-0.6362510538271205,0.5293210459738241,0.2801807697108233
547,1.0412909085796702,0.5908227674402183,0.34907154252571826
548,0.6841257770005003,0.7254655586404953,0.526300276773566
549,-0.9274304599772011,0.7137126745514943,0.5093857818154472
550,-0.7472768369594474,0.7600374469116459,0.5776569207079729
551,-0.7962312932750663,0.7471804913379411,0.558278686636007
552,-1.1419993109370747,0.7495092170612054,0.5617640664597011
553,0.30247887164804005,0.8353986623833984,0.6978909251119714
554,1.1008015579213888,0.7328255240000017,0.5370332486258771
555,0.31559951382236984,0.8152133237134668,0.6645727631599576
556,1.1228912676342004,0.7201834964236252,0.5186642685209578
557,-0.34068060538388323,0.8144786804443704,0.6633755208984029
558,0.189841471191169,0.7219681208446724,0.5212379675159875
559,-0.600475915386123,0.6480360617638481,0.419950737346398
560,0.013993486668423465,0.6512178647730721,0.42408470739959925
561,0.6394974933467403,0.5953906179757852,0.3544899879735874
562,0.44816016629953637,0.6280807285560553,0.3944854015835053
563,0.6263721720299364,0.613889849958141,0.3768607478816288
564,-0.25933802953718144,0.6360698611848209,0.40458486830767737
565,0.5446919719107146,0.5968267451257961,0.356202163697452
566,0.8857672384354981,0.6107856965182369,0.37305916707126774
567,0.3907520656340665,0.6933629788068371,0.4807522203798904
568,-0.8998043055393433,0.6472934169195546,0.41898876758739223
569,0.20228032183875183,0.7164655038491827,0.5133228182058633
570,0.15758537648688475,0.645117940104099,0.4161771566441558
571,-0.40024983796735464,0.595544225194902,0.3546729241629961
572,-0.6053153622234618,0.5872339747122746,0.3448437410563764
573,-0.5008895189823269,0.6165935307660712,0.38018758218257
574,0.7066342904691427,0.6150533402517308,0.37829061135481135
575,0.08689325343125358,0.6533305219460152,0.42684077090625255
576,0.9992207745989683,0.5980088210403967,0.35761455004212517
577,-1.2886462619405263,0.717117257708464,0.5142571613033076
578,0.36360589198566534,0.8606254321507371,0.7406761344646429
579,1.2089954453008782,0.7555445252373443,0.570847529616124
580,1.5699212711676371,0.8572295580072633,0.734842515121328
581,-0.5481702542199374,1.0167772954810306,1.0338360686057189
582,1.4057926978528787,0.8834023809599686,0.7803997666857415
583,1.0737922004399196,0.9815755100239308,0.96349048187874
584,1.1270764048691475,0.9532576918506165,0.9087002270723649
585,0.2030263632839153,0.9483039495467535,0.8992803807259715
586,0.8130493090551792,0.8048677961462002,0.6478121692732413
587,0.7211031993423587,0.7879702642580909,0.6208971373549657
588,-0.4573975597252918,0.7592998401378316,0.5765362472333365
589,-1.8870588975622684,0.6984012126768769,0.4877642538685323
590,1.2004328091240555,1.0511216908117271,1.1048568088949042
591,1.0935240697550135,1.0252423475360528,1.0511218711812367
592,0.7410826086258179,0.9848005386551408,0.9698321009354556
593,-0.3508101876771319,0.8897977001109875,0.7917399471228027
594,-0.30658041096885663,0.7743755715602698,0.5996575258292945
595,-1.0815991078617826,0.6918040366863606,0.47859282517554336
596,1.2875119895111748,0.78811612160316,0.6211270211308069
597,-0.06544766914172792,0.8967795923779092,0.8042136373054889
598,0.6540729293618283,0.7637963484218226,0.5833848618625104
599,-0.24492423502936167,0.7318423303569552,0.5355931965022989
600,-1.5387229328113117,0.6582959016144054,0.43335349408232293
601,0.7381356978825154,0.9129872667465208,0.8335457492412826
602,1.0386237311385942,0.8420785659559749,0.7090963112424711
603,1.616759634799329,0.860933004200869,0.7412056377223336
604,-0.09693626314806926,1.033201686979213,1.067505725976692
605,-0.3950360555139903,0.8616163667251439,0.7423827634086375
606,0.1301291902614168,0.7593683922026205,0.576640355076393
607,-0.685017955569981,0.670351351365427,0.44937093427745417
608,-0.584096673787582,0.6807881318421524,0.4634724804571278
609,0.4204397264535453,0.6680698115767694,0.44631727314022007
610,-0.13880309523181358,0.6349364350863781,0.40314427660019847
611,-0.30236711269519573,0.5879964505074036,0.34573982580930546
612,0.2304818198727096,0.5707267907269722,0.3257290696535091
613,-0.18536452173743884,0.5532285383550569,0.3060618156504727
614,1.3048960032748838,0.538988952181836,0.2905090905740735
615,-0.22017672639728275,0.7841276491853844,0.6148561702169972
616,1.0814280482116403,0.6918159150378106,0.4786092602996031
617,0.5605047048705105,0.7880754284150278,0.6210628808715295
618,0.719863234348252,0.7317587261928028,0.5354708333593133
619,0.2663999464488851,0.7245157798480674,0.5249231152488533
620,-0.09007429132908225,0.6550936234179857,0.42914765544290573
621,0.006400323753696953,0.5992589330643564,0.3591112688574307
622,-0.33415805033211016,0.5616715714216707,0.31547495414328885
623,0.21229517361637534,0.5582269189194702,0.31161729300632474
624,0.5326841910587814,0.5440443216797288,0.2959842239519562
625,-1.4043556488374918,0.5782222962252177,0.3343410238519634
626,-1.05117941846657,0.833695131325314,0.6950475719955326
627,-1.0246687167980513,0.8590833353981805,0.7380241771588627
628,0.5669904524868501,0.8676426119850446,0.7528037021322306
629,0.49103069497022694,0.7848425676029473,0.6159778559215869
630,-0.29700529550935945,0.719589426154624,0.517808942233541
631,0.9850541890940344,0.6544675656228084,0.428327794452245
632,-0.2824687768187826,0.7423361959123966,0.5510630277616881
633,0.36035768714140787,0.668278039914909,0.4465955386325127
634,0.4997420392936929,0.6276375193659861,0.39392885571588854
635,-0.10194812023681461,0.621534982601154,0.3863057345970169
636,0.5998653447641269,0.5778080343870048,0.3338621246021741
637,-0.22745926868343747,0.6101515886491663,0.37228496113110143
638,-0.013161111743387743,0.5776837547141703,0.3337185204606617
639,0.058551684654684515,0.5479651040430051,0.3002657552488614
640,0.3984156694771228,0.5299482173802429,0.28084511310449717
641,0.7852236582758084,0.547954447923985,0.3002540769996791
642,-0.48513744934438446,0.6351910617310481,0.40346768490301615
643,-0.8644035078364364,0.6238207113370674,0.38915227989308476
644,0.45788490197569925,0.6949316893104228,0.4829300528078381
645,-1.3811728478527594,0.6570310102089261,0.431689748376162
646,0.03912675306246181,0.8605472306357377,0.7405415361548375
647,0.4239248661046925,0.7379912616379307,0.5446311022539447
648,-1.196588288243407,0.6802360765004625,0.4627211197727431
649,-0.6888145728528896,0.8148603427434072,0.6639973781759032
650,-0.24111735215913557,0.770254198340031,0.5932915300604437
651,-0.08321003858581949,0.68381461927829,0.4676024335387127
652,-0.004756681812078399,0.6180179950677152,0.3819462422275184
653,0.22699484751293497,0.573735366297811,0.32917227054088327
654,0.3820536404913182,0.554805095942723,0.30780869448401404
655,-0.8880442728882764,0.5602483498707893,0.3138782135329423
656,0.8310452505155232,0.6678708364958743,0.4460514542416989
657,-0.2065472133064729,0.7111667274457524,0.5057581142259011
658,-0.27008576904511217,0.6418623051718138,0.4119872188004746
659,0.6668130534665803,0.6014828308509086,0.36178159580842273
660,-0.3448677907603856,0.6371788501980732,0.4059968871397386
661,-0.5330201792852673,0.6061228348318788,0.367384890904633
662,-1.1610962177380424,0.6142092777285602,0.3772530368478395
663,0.9709343347845868,0.7719978675345037,0.5959807074778212
664,-1.4358553295390784,0.8038228169064437,0.6461311209794103
665,-1.2504879811288974,0.9486910867404633,0.9000147780608012
666,-2.078619639843815,0.9760906233675467,0.9527529050260459
667,-0.49628953255594327,1.2392673902126667,1.535783664444514
668,-1.9343134979644954,1.0347612568566857,1.0707308586916278
669,1.4318585349003339,1.220963659121968,1.490752256896505
670,-0.8161161063810056,1.1851139721272756,1.404495126931289
671,-1.211671640758117,1.0372589724739294,1.075906175977672
672,0.38389457635326835,1.0193985180438987,1.0391733385900968
673,-0.935258979543196,0.8677436328229376,0.7529790123047492
674,-0.10773839308621481,0.8524841811705867,0.7267292791460855
675,0.6675219118596863,0.733729568544577,0.5383590797566112
676,-0.5756008918909291,0.7156343678279634,0.5121325484165289
677,-0.2555424415687611,0.6881444662271462,0.47354280639904395
678,-0.4668288738690568,0.6302270001578885,0.3971860717280111
679,-0.1930863016731068,0.617978545365757,0.381897482532377
680,1.7742954882728583,0.5801680390181674,0.3365949534981858
681,-2.0577898797898686,0.9651848880085078,0.9315818680399957
682,1.1206589675118623,1.2271303755905962,1.5058489586971178
683,0.06545272142959012,1.120127081857778,1.2546846795112212
684,-0.6434426271548057,0.9239413506577355,0.8536676194552406
685,0.8481631123671909,0.8336691517389377,0.69500425456112
686,1.0168972163671068,0.8129444542973105,0.660878685772752
687,-0.7540043931080735,0.838655591524128,0.7033432011946852
688,-0.06972464955161474,0.7973145211784781,0.6357104456820659
689,-0.42321192139413344,0.69454918671053,0.4823985727602586
690,0.29472225522842727,0.652120241779212,0.425260809738178
691,0.10971699853146914,0.6103513147264392,0.37252872738829285
692,-0.00951214077967031,0.5708982399572857,0.3259248003863266
693,0.23477778420149908,0.5436662362113711,0.2955729763962384
694,0.2750481519908739,0.5369989827072824,0.2883679074286562
695,0.7986745865834083,0.5367970208932914,0.2881510416399127
696,-0.5447149015339132,0.6328244970248729,0.4004668440347833
697,-0.04032709607989989,0.6321573943342671,0.3996229712114901
698,1.4287728412768892,0.5831801073961127,0.34009903766254157
699,-0.5362711091640887,0.8440010598284886,0.7123377889916119
700,0.9433519989692952,0.7648006367019993,0.5849200138997835
701,-0.7745753962647762,0.7930539749170564,0.6289346071317432
702,0.5632814004014236,0.7728869084017357,0.597354173178793
703,-0.12398165255319596,0.7224054893997648,0.5218696911149137
704,0.2659877540817353,0.6451326256692591,0.41619610470291246
705,-0.17439754833936397,0.6032143564986137,0.3638675598860366
706,0.7400827445622166,0.5695642517793564,0.32440343690497814
707,-0.02234778558529295,0.6357566797940353,0.4041865559027355
708,-0.09649946659856286,0.5853305205144821,0.34261181824575454
709,0.2656832555397335,0.5544632723257819,0.30742952035821414
710,-0.3859276365780838,0.5464203790761897,0.29857523066976677
711,-1.2990297691074233,0.5558175658764386,0.30893316653680913
712,-1.1837403147252283,0.7892119918802188,0.6228555681275426
713,-0.6217846064336112,0.8683096034351354,0.753961567417682
714,1.366020958428558,0.7935364892745446,0.6297001598101694
715,2.1057435535014046,0.9225089417774317,0.8510227476593168
716,-1.6431372467819987,1.2237012834912508,1.4974448312181345
717,0.2048018358591283,1.2403414453622623,1.5384469010833461
718,-0.6882441029098476,1.015606665517838,1.0314568990442614
719,0.23052527803356135,0.9020033971469248,0.8136101284645929
720,-0.9915408802050951,0.7738181038469221,0.5987944578412459
721,0.29374988956358017,0.8098810641867894,0.6559073381283265
722,-0.5690396251432411,0.7147042761875145,0.510802202400719
723,-0.816505587708551,0.6864710776406123,0.47124254043706354
724,-0.4700769737593287,0.7183883345476145,0.5160817992140954
725,-1.3566440376808206,0.6736791163307669,0.45384355178020297
726,0.5829620599805265,0.8604665827695493,0.7404027400631057
727,-0.6692987570569129,0.7824388773017424,0.6122105967132112
728,1.1185649625246703,0.7462697389466576,0.5569185232675125
729,0.6954882537883179,0.8272778427094919,0.6843886290380709
730,0.9662732164489115,0.779342004292305,0.6073739596543473
731,-0.323626680903184,0.8069455753382091,0.6511611615579134
732,0.9554217407090602,0.7152926272884618,0.5116435426532303
733,1.0218313461661808,0.7678230695387085,0.5895522661158443
734,-0.3139156003188683,0.8139774073468282,0.6625592196710643
735,0.05637839062590603,0.7191968663914976,0.5172441326273497
736,0.9423996188053817,0.6410789219451246,0.41098218416232324
737,0.12739893913532482,0.7240253578448063,0.5242127188022997
738,-0.4524888426914589,0.6463541824881627,0.41777372921994105
739,0.6912514519909662,0.6257902748397547,0.39161346808401576
740,0.8087829027568816,0.6561507409325492,0.43053379482633325
741,-0.617102287192852,0.6993899010238633,0.4891462336541694
742,0.3154830185049678,0.6853107227850965,0.46965078676423144
743,0.024287828530670623,0.6337952185458171,0.40169637905154004
744,0.6738567889433948,0.5840683240459724,0.34113580715387104
745,-0.45832275183702287,0.6288863797963374,0.3954980786933432
746,0.8296613789397058,0.6158821284842564,0.37931079618629815
747,0.6493286831579578,0.6820953587678233,0.4652540784526057
748,-0.24530228419419897,0.6807921818190137,0.4634779948258929
749,-0.3345464145139898,0.6245970213039076,0.39012143902171403
750,-0.6966821258920064,0.5970403035858314,0.35645712410586167
751,0.9292329734475319,0.6410518476465051,0.4109474713709981
752,-0.6903506485553917,0.7205992413339242,0.5192632666110271
753,-0.12485458008150786,0.7119513772434085,0.5068747635587862
754,1.2362246440465288,0.638155616890377,0.4072425913687377
755,0.6658233818865873,0.8062231880384215,0.6499958289308361
756,0.2543154372163142,0.7606981349601695,0.5786616525318802
757,0.18859045147187006,0.6783304945529377,0.4601322598404331
758,-0.11198096540746458,0.6190255467923215,0.3831926275815326
759,-0.7910013993119456,0.5765618127067011,0.3324235238716371
760,0.3934542115410561,0.6516062899218158,0.4245907570656734
761,-0.6954073155966645,0.6210601400470673,0.38571569755528284
762,1.4296610508833194,0.6543299515154732,0.4281476854502415
763,-1.41325757909177,0.8750284311682132,0.7656747553527044
764,-0.2629233413937661,0.9792161406878916,0.9588642501836888
765,0.0456439335560547,0.8301471476793412,0.6891442868001458
766,-0.4212937091407115,0.7168704526022686,0.5139032458141815
767,0.038026881662118414,0.6662128979243922,0.44383962536081656
768,0.4373070089419881,0.6054692262718882,0.36659298396227885
769,0.8948097505198274,0.5985008557983229,0.35820327439132493
770,0.12461788589218066,0.689245139670833,0.47505886255986607
771,0.015599037970154139,0.6230098241863984,0.388141241032767
772,0.23238066166830681,0.5770038220122802,0.33293341061677906
773,0.04693465174884798,0.5572792843391431,0.31056020075354746
774,-0.3838819977189793,0.5355153524961591,0.28677669275908557
775,0.02237871782373647,0.5491257536211485,0.30153909328999423
776,0.6848254093735273,0.5301166073386906,0.28102361737628345
777,0.08615324792052814,0.6020060952270283,0.3624113386904939
778,0.02170574487536079,0.564740010659549,0.31893127963974754
779,-0.05290236480336352,0.5398638677073762,0.2914529956559674
780,0.3237542613870649,0.5248157099724989,0.27543152943393806
781,0.2441176274418255,0.5349974598197824,0.28622228201361966
782,0.2617044557030351,0.5325899477212623,0.283652052413737
783,-0.156266918361948,0.5328124209092788,0.28388907587520656
784,-1.2243639354435722,0.5246115853467134,0.2752173154799919
785,-0.44914720654149853,0.7516274333544309,0.5649437985709695
786,-0.007416845645471221,0.692324289456457,0.479312921771388
787,-0.5563961273673265,0.6225742967571811,0.3875987549826986
788,0.4466135578615295,0.6280721161614252,0.3944745830994908
789,-0.5396642123069856,0.6136590941824631,0.3765774838728412
790,-1.3686918135605481,0.6198338347756507,0.38419398273268857
791,0.7175778743202728,0.8397498709384512,0.7051798457411456
792,-0.16954820444131694,0.7912594445486812,0.6260915085874876
793,0.01812372363416376,0.6938329942272473,0.48140422387834747
794,-1.1045830904373624,0.6236250702134112,0.388908228198682
795,-0.2608896771292417,0.7598458380850948,0.57736569765524
796,-0.08840988238254475,0.678256664780866,0.46003210331966404
797,0.053861383970864866,0.6144774393355524,0.3775825234523775
798,0.5293120740277678,0.5719525538085112,0.3271297238080779
799,-0.37171077936327346,0.5935588333326042,0.3523120886271622
800,-0.12544778084607566,0.5822551278222182,0.3390210338752677
801,0.9556951271708134,0.5536786518089727,0.3065600494690016
802,-0.09145511287498832,0.6830861328566175,0.46660666490100844
803,0.9061547273497329,0.6177675990814024,0.3816368064748004
804,-1.2253861092877592,0.7022858120911556,0.49320536186453395
805,-0.13475165055743507,0.8344084374488304,0.6962374404857988
806,0.9093632932666295,0.7220623697140504,0.5213740657570699
807,0.5477762298211934,0.7604030242459507,0.578212759282388
808,1.101978637151068,0.7119967803023107,0.5069394151608569
809,-0.28208732431748557,0.8043848783038995,0.6470350324439792
810,0.10866852258438324,0.7100251201010477,0.5041356711745072
811,-1.500410435102394,0.636272875631862,0.40484317226483885
812,-1.2448370297212856,0.8905909263582996,0.7931521981117343
813,0.5133823491277139,0.941177541689188,0.8858151649801032
814,-0.5094999746574753,0.8271646669601161,0.6842013862672398
815,0.6509935512572393,0.7499592499566476,0.5624388765955375
816,-0.21102653452166173,0.7226491864750315,0.5222218467130249
817,0.3648408638280389,0.6497996211773744,0.4222395476822593
818,-0.5155865882649953,0.6164134162987641,0.37996549979311345
819,-0.6435882587154815,0.6173695861278037,0.3811452058756156
820,0.7081296966506723,0.6415047099411308,0.4115282928766545
821,0.39014580086441647,0.6687350066967538,0.44720650918170735
822,0.013249263561861969,0.6314797341922002,0.3987666546954518
823,0.49995215194782255,0.5824904303198958,0.3392951014142574
824,0.5420767370508495,0.59461541494987,0.35356749169600615
825,0.708029446179028,0.6090237538782398,0.3709099327879428
826,-0.20645381116613656,0.6502361870921073,0.4228070990040819
827,-0.4438241485356967,0.6018379305356665,0.3622088946314537
828,0.034944792043016024,0.5972615103483226,0.3567213117435595
829,0.2048107824842694,0.5606041515582288,0.3142770147443216
830,-0.7189006035446798,0.5449364184663719,0.29695570017095674
831,-1.3700873288885222,0.6176868427107339,0.381537035657955
832,0.35115267374740083,0.839255669716297,0.70435007915095
833,0.9197240933618005,0.7397781340013773,0.5472716875465597
834,0.10620224826726048,0.7730080815295355,0.597541494109973
835,-0.16801205727673416,0.678808279246348,0.46078067997338795
836,0.12084254124548097,0.6181537173406829,0.3821140182621049
837,0.12853616040779434,0.5763583910313061,0.33218899491219606
838,-0.552903206100164,0.5501069949144378,0.3026177058537933
839,0.1675592623363623,0.585415249694987,0.34271101457544406
840,0.6691281815159852,0.557890517955098,0.3112418300242076
841,0.2544475034230769,0.6134261183502887,0.3762916026743024
842,-0.07607322188067787,0.5819997147801954,0.3387236680042288
843,0.4243269948842251,0.5517169816309796,0.3043916278199987
844,0.35177506578310264,0.564487073731095,0.31864565640949466
845,-0.5702381811546147,0.5620823189062596,0.3159365332270381
846,0.7847405334489546,0.5954798372619575,0.35459623658552747
847,0.5530709310611095,0.6602433512871345,0.43592128291886645
848,0.23287530637019963,0.6501770994954224,0.42273026070828035
849,0.29290589790235777,0.6037253830081779,0.36448433808837105
850,0.14051463953610704,0.5795251296175343,0.33584937585821995
851,-0.40007366712414866,0.5526829998287666,0.3054584982997244
852,0.37108327615925396,0.5615041289296699,0.31528688680506745
853,0.03187456453028915,0.562772326657999,0.3167126916520575
854,0.6167454195262793,0.5387307421746355,0.2902308125640336
855,-0.3006856915776151,0.5917883659212552,0.3502134700397494
856,-0.429559052904131,0.5728965517855308,0.32821045904775137
857,-0.4982438087041081,0.5777806429909448,0.33383047141502964
858,0.6271826827848647,0.5915637424922296,0.349947661431413
859,-0.01537200541840681,0.6234101542130124,0.38864022037589185
860,-0.30713703238547124,0.5772619785986705,0.3332313919356518
861,-0.7065789289987477,0.5646286093476861,0.3188054664939019
862,1.603298509595059,0.6254070965997625,0.3911340364773446
863,0.10220727046546839,0.9212999750680309,0.8487936440603543
864,-0.48118892359093435,0.7818986198116817,0.6113654516634128
865,-0.32703815921262136,0.716329412376295,0.5131278270353681
866,0.774803792890385,0.6551850789948264,0.4292674877374568
867,-0.1906387674329857,0.6911039546536681,0.47762467613793946
868,-0.6681961825189476,0.6275694651689463,0.3938434336124373
869,-0.052613267046469195,0.6523827770826276,0.42560328783404133
870,0.9806065351091964,0.5965866273009188,0.3559156038742854
871,0.8955386613031656,0.7112434166052745,0.505867197664344
872,1.0013770517851366,0.7509448830482431,0.5639182173763395
873,-0.5323424851039222,0.7993135369766874,0.6389021303941822
874,-1.053164827782233,0.734859838694314,0.5400189825258332
875,-0.2992323289436991,0.8036433415458727,0.6458426204110161
876,-0.290640236134627,0.7109244471697563,0.5054135695836237
877,0.006213304336006162,0.6481839948056821,0.42014249112225255
878,0.5487709761843194,0.5933744312855972,0.3520932157035059
879,-0.3388068846127355,0.609496387423717,0.3714858462825617
880,-0.4510341642957498,0.5880897285123542,0.34584952878173447
881,-0.6435446996887145,0.5900814187393413,0.34819608074143377
882,0.4593027563498367,0.6258974393176152,0.3917476045443478
883,0.2541630431137825,0.6141989637932648,0.3772403671247202
884,0.5241029022468167,0.582463724854865,0.3392639907718038
885,-0.766221076965709,0.5987446575058433,0.35849516489178956
886,-0.3134687228875843,0.6576595218594283,0.4325160466923719
887,0.7946818359211555,0.6157614441171011,0.37916215606117776
888,0.27340323550285167,0.6736476361610054,0.45380113770531033
889,0.7357520773309228,0.6222785135772179,0.3872305484598717
890,0.6410024934285269,0.6637805005687322,0.44060455293527667
891,0.4918795264417107,0.6682361641496842,0.4465395710774837
892,-0.39419247921169265,0.6452230903749451,0.41631283635299454
893,-0.06993414541130831,0.6171428067677763,0.3808652439452089
894,0.18253834513611053,0.5740185565868122,0.32949730330600735
895,1.296184477255514,0.5516905214634473,0.3043624314726104
896,0.5836432280656285,0.7865343595159694,0.6186362986991962
897,-0.06904378782796242,0.7343770576161072,0.5393096627528912
898,0.12139470412390502,0.6515667322533136,0.42453920657926125
899,0.2590864937629722,0.5980558993818411,0.3576708587854229
900,-0.10998645462764876,0.5727370055455923,0.32802767752133183
901,0.4012413868365931,0.5470246891623001,0.29923601055311105
902,0.6154023829130777,0.55833729629497,0.31174053643397714
903,1.4843409029970054,0.6023191350433797,0.3627883404394051
904,1.3309468985551016,0.870819491930237,0.7583265875256362
905,0.3019627464005493,0.9535616822576664,0.9092798818700706
906,-0.5001701170687242,0.8147418174887029,0.6638042291647949
907,-0.890225699890966,0.7404840084030074,0.5483165667005852
908,0.7668104939663045,0.7664791578181518,0.5874902993696232
909,0.9326063870779605,0.7550455922347626,0.5700938463531435
910,1.1783616393938705,0.7848612886718311,0.6160072424556075
911,0.28403368722183703,0.8644718480739362,0.7473115761123665
912,0.02630528400007249,0.7513467726441542,0.5645219727627864
913,-0.04139053394993292,0.6624587362628231,0.4388515772509367
914,0.5080740680032332,0.6030369653766625,0.3636535816106941
915,-1.2448436797953586,0.6081282765024886,0.36982000068188725
916,-1.3747462247485276,0.7948705289758969,0.6318191578344222
917,-2.2862592730468774,0.9257844950055705,0.8570769311927191
918,-0.5598876354671676,1.2882711094463768,1.6596424514341988
919,-0.12552281062438383,1.076327228927301,1.1584803037303224
920,1.0749720919594943,0.8934424309576988,0.7982393774356025
921,0.04495856794945064,0.900031458427824,0.8100566261597157
922,0.410481690300413,0.76579255040921,0.5864382302622425
923,-0.07979955550882448,0.6968227764444288,0.48556198177172233
924,-0.3047713472740706,0.6265866124287325,0.3926107828749146
925,-0.6500599735522168,0.5950996425379528,0.3541435845487992
926,0.16161892058570335,0.6300807444861501,0.39700174457222126
927,-0.017197808354347432,0.5860248986532828,0.3434251818415903
928,-0.5837869256900592,0.5532759366061322,0.3061142620273928
929,-0.33034105139687364,0.5931525875672851,0.3518299921377658
930,-0.6159789974645459,0.5769948330186829,0.33292303733025785
931,-0.5204220605133438,0.6128946462987257,0.37563984746164014
932,0.7671048918919846,0.6160777002057248,0.379551732690775
933,0.2515012394354363,0.6673986984160125,0.4454210226473877
934,0.32529638437565156,0.6163628706175809,0.3799031882759447
935,-0.5599591371905508,0.5908514707632885,0.3491054605031412
936,-0.3493944383923245,0.6100607538323719,0.3721741233665219
937,0.7209573535810481,0.5896776820736992,0.3477197687358107
938,-0.43770065035298483,0.6423299482182067,0.4125877623780041
939,-0.386402932809666,0.6211835713303174,0.3858690292906876
940,0.4017168735123466,0.6011512811856886,0.3613828628711948
941,0.6960079884021889,0.5908510870055363,0.34910500701562386
942,0.7877028480868523,0.6374546479501947,0.40634842819330663
943,0.15253247878784795,0.6840352419962087,0.46790421229281176
944,-0.3830666997567839,0.6208025119091579,0.38539575879272014
945,0.21756639757857005,0.6004876972662662,0.36058547456814294
946,0.2933019112664045,0.5708049686293463,0.325818312211949
947,-0.12057878943491446,0.5591924441171167,0.3126961895576746
948,-0.12423857058441899,0.5390042324758895,0.29052556262692264
949,0.40294881816181166,0.5266900246447862,0.2774023820603255
950,1.0758625082703952,0.5467311764000617,0.2989149792477955
951,-1.195726050528141,0.7147342267507906,0.5108450148890504
952,0.03585235588921122,0.8321413140301085,0.6924591665157556
953,-1.1326907509163155,0.7181452347499179,0.5157325781940146
954,0.06083714251504071,0.8161110306561737,0.6660372143586821
955,-0.2166203335554125,0.7073631035027826,0.5003625601970884
956,1.306039768724228,0.64000188273175,0.40960240990018465
957,0.4508240196402406,0.8287999888018568,0.6869094214379579
958,-0.7887789849864683,0.7435012523188455,0.5527941121996915
959,1.1657403297615878,0.7457284524215713,0.5561109247510716
960,-1.294191375943575,0.8399146731288685,0.705456658137174
961,0.6463523410736962,0.9264233688738908,0.8582602583956491
962,1.5201787921416339,0.835769361007975,0.698510424799679
963,0.40358810671148493,0.9906033347890804,0.9812949668952468
964,0.6211371059268129,0.849325410024297,0.7213536521129402
965,0.43167987314545464,0.781008612077736,0.6099744521395914
966,-0.07944306635701756,0.7094040977183104,0.50325417385953
967,0.198234844985153,0.6349919247314559,0.40321474447415906
968,-0.8714849081982504,0.5914289961083689,0.349788257437753
969,0.40806239061425637,0.6795367124049402,0.46177014350611434
970,-0.42219784563005486,0.6405974313329964,0.410365069030433
971,0.5441100564808529,0.6179556987270137,0.3818692455891917
972,-0.1797064184846723,0.6231634601500913,0.3883326980662344
973,-0.04139216383419267,0.5826306705011831,0.33945849820865825
974,-0.0995497322053458,0.5513780564826373,0.3040177611705703
975,-0.4149207364238516,0.5332848080892361,0.28439268653877336
976,0.3117286518354321,0.5523291187563502,0.3050674554261663
977,-0.12394474176754045,0.5499776574832173,0.302475423730727
978,-0.539525823418259,0.5334395130104262,0.28455771404080066
979,-0.24579770452723507,0.5735435914135127,0.3289522512515105
980,-0.08398670341058465,0.5562864847010737,0.3094546530610779
981,0.22890205471815578,0.5358017778120956,0.2870835451066022
982,0.12172592860738403,0.5317230079607239,0.2827293571948001
983,-0.2310331105128741,0.522112109279172,0.27260105465594603
984,0.15790936617218093,0.5236753693121516,0.2742358924242184
985,1.1739957213789753,0.5191614479518978,0.26952860903951104
986,-0.18511229068091442,0.7330554932520013,0.5373703561869348
987,-1.838306997434304,0.6551912131159788,0.429275525744388
988,-1.1480343571888973,1.016582430897671,1.033439838809818
989,-0.6376190737289702,0.9917965922219716,0.9836604803431158
990,1.0493705374251878,0.8783552270251868,0.7715079048424675
991,1.0932219169171737,0.8849522291449895,0.783140447868686
992,-0.43254994375046435,0.8993948524684937,0.8089111006468236
993,0.181175141928366,0.7891555937556295,0.6227665511558002
994,-0.06869077501351216,0.6929825518034584,0.4802248171040328
995,-0.7776597296824308,0.6237616329791462,0.38907857477681107
996,0.06095650869321916,0.6740905546735074,0.4543980759000369
997,0.22649043636320573,0.6110499036334393,0.3733819847304354
998,-0.6147569737804587,0.5781771133407654,0.3342887743910603
999,0.14665391318934198,0.6133176110279059,0.3761584919969777
1000,0.6508842943805113,0.574453278560525,0.32999656924893606
1001,-1.0591945449497167,0.618650155163324,0.38272801448360483
1002,0.1438683435126092,0.7443221248225868,0.5540154255004104
1003,0.521835913503933,0.6607184539221367,0.43654887535325865
1004,0.6659214540436479,0.6452843321640872,0.416391869336452
1005,-0.7357360060266863,0.6622125022928761,0.4385253981929924
1006,-0.2652862131292806,0.6865688115758066,0.4713767330286155
1007,0.025713200159639887,0.6300011069771736,0.3969013947924641
1008,0.6172473441601211,0.581612474597965,0.3382730706079684
1009,1.2129276324633458,0.6157618850979051,0.37916269913932565
1010,0.18110919476943518,0.7885025731107177,0.6217363078022228
1011,0.8913380728466005,0.6925329542825672,0.4796018927673403
1012,-0.1280893792332213,0.7393631365449475,0.5466578476815825
1013,-0.22970795904240085,0.6567161383911773,0.4312760864234199
1014,0.6604127845635902,0.607716053057295,0.369318801143537
1015,1.0485707471557322,0.6393905613075073,0.4088202898891292
1016,1.4175178741016072,0.751792721627194,0.5651922962916236
1017,-0.655657335768318,0.9170533040420727,0.8409867624544822
1018,-0.8319098581660159,0.8310050335960975,0.6905693658620511
1019,1.3540899549301342,0.8079334266757323,0.6527564219399908
1020,-1.9654779851336124,0.9264803151565245,0.858365774372533
1021,-0.24646268572925087,1.1779814118365777,1.3876402066324967
1022,-0.6009515413015192,0.9719737111007031,0.9447328950708731
1023,1.212574521570286,0.859690809559494,0.7390682880410582
1024,0.12845021084686672,0.9151548321988561,0.8375083668969164
1025,0.42021190853052004,0.7783347040132996,0.6058049114714708
1026,0.1282838439843951,0.7062567213818605,0.4987985564970549
1027,-0.16147115339665216,0.6344844228377207,0.40257048282371544
1028,0.345727073083537,0.5888606595537507,0.3467568763700783
1029,-0.5398521373840511,0.576159324869978,0.33195956763462886
1030,-0.6224929129260367,0.5978827699711734,0.357463806628403
1031,-0.26959980245568604,0.6260812801111931,0.3919777693056703
1032,-0.11472442030293964,0.591374223550732,0.34972347228023115
1033,-0.4074478577197506,0.5589869603943439,0.3124664218909078
1034,0.06330408171125133,0.5662884463651254,0.3206826044866275
1035,1.1985662137433284,0.5414896527582382,0.2932110440442375
1036,-0.20257990574342766,0.7504923851525384,0.563238820171946
1037,0.6041499407761668,0.6679453688329389,0.4461510157453708
1038,-0.20054270318863704,0.6638448912473391,0.4406900396351916
1039,0.714497315007341,0.6102929615697334,0.3724574989415561
1040,-0.7503219426790767,0.6523616956838235,0.4255757819954736
1041,0.6168977017453137,0.6840629157690284,0.4679420727304249
1042,0.2402807701129092,0.6759273618681114,0.4568777985219849
1043,0.2577553616480721,0.6210262867306033,0.3856736488104015
1044,-0.74169464238446,0.5871045516583112,0.3446917545779066
1045,-0.29972807874622576,0.6456293373562778,0.41683724125510635
1046,0.8277393159354067,0.6066875052206404,0.36806972899084456
1047,-1.0347649296982424,0.6766626282155309,0.45787231242354975
1048,-0.31267728247347804,0.7673793582061037,0.5888710794008116
1049,0.3134598932188856,0.6876598463161033,0.47287606423548684
1050,1.2492535883371503,0.6351197205823884,0.4033770594726511
1051,0.9775883123251548,0.8087973425266926,0.65415314127824
1052,1.1339688792725664,0.8268177951918384,0.6836276664458929
1053,-0.40913992584939,0.8759872622928211,0.7673536836992718
1054,0.14740665313281498,0.7706434363597552,0.593891306004372
1055,-0.5056292420858622,0.6787345047072433,0.4606805278801868
1056,-0.20227913227756905,0.6538658140769991,0.42754050281857675
1057,0.0662997844154519,0.6039103171515944,0.3647076711621393
1058,-0.42970818240545294,0.5654235005551066,0.31970373497999066
1059,0.7544416887367322,0.5733690481646476,0.328752065393234
1060,0.026589623272303454,0.6411612056080178,0.41108769157672687
1061,-0.21736663708792928,0.5888921943439128,0.34679401655918873
1062,-0.4990902998636204,0.5634945083310896,0.31752606091929636
1063,0.7308949392878807,0.5833814035733137,0.3403338620351695
1064,0.41594918017286214,0.6411254164954223,0.4110417996764287
1065,-0.18494139008947064,0.6174364938219576,0.3812278239031524
1066,-0.7038119337101232,0.5792903916823897,0.33557735789553655
1067,0.4968004545660349,0.6327848468033022,0.4004166623438785
1068,-0.10707442071881698,0.6241891826503652,0.3896121357377309
1069,0.5453143627498099,0.579707053396017,0.3360602677570926
1070,0.0024750505618966316,0.6009240480281196,0.3611097114985018
1071,0.7907781032072272,0.5627317763145758,0.31666705207415785
1072,-0.04217865144744294,0.6442563410218782,0.4150662329468987
1073,0.9303839922192096,0.5910969019507074,0.3493955474957242
1074,0.5486570063629169,0.6948094725124186,0.4827602030929854
1075,-0.9092525582306534,0.6707167986430747,0.4498610239820148
1076,-0.22357456532904452,0.7316178355664974,0.5352646573190064
1077,1.015292775826661,0.6566246352702723,0.43115591164381806
1078,0.2019679872972058,0.7515699775240176,0.5648574311154522
1079,-0.35681661695365785,0.6686349319679972,0.44707267224784814
1080,0.052452066775472476,0.6274609334257868,0.3937072229755596
1081,0.6643416577073533,0.5803228219251243,0.3367745776471395
1082,0.23251484320577193,0.6247677282169387,0.3903347142213546
1083,-0.11436456757307906,0.5873784631692021,0.3450134589950137
1084,-0.9432897368515893,0.5564386096059867,0.30962392626024365
1085,1.1411134641908738,0.6809797803797513,0.4637334612860543
1086,-0.743144873951927,0.7991671066824334,0.6386680644031719
1087,0.8140919512864669,0.7704892597422162,0.5936536993781082
1088,-1.190727028795672,0.7672948329402111,0.5887413606567464
1089,-0.4771500967798326,0.8583769497225341,0.7368109878149618
1090,-0.6663369199044207,0.7665644367307798,0.5876210356603777
1091,0.6277296621708346,0.7357809453646981,0.5413735995617688
1092,-0.4121914609301135,0.7096710966996495,0.5036330654908833
1093,0.37338216375558947,0.6604242571160377,0.43616019938727024
1094,1.0867635699640747,0.6241626131662511,0.38957896767452327
1095,0.09286250008523028,0.7549558874562977,0.569958392004926
1096,-0.5931137299708809,0.6661078921521434,0.4436997239873715
1097,-0.20914165188712708,0.660739444659101,0.4365766137284171
1098,-0.6138684772065984,0.6088464620475884,0.37069401434786553
1099,0.5285441257783765,0.630700650126753,0.3977833100703089
1100,0.4373767250565449,0.6281255962155586,0.394541764621151
1101,0.18547072582730934,0.6123599747672347,0.3749847386969283
1102,-0.6110992543590141,0.5760822174359652,0.33187072124593875
1103,-1.3440671630975454,0.6114007625798252,0.3738108924831919
1104,-0.2959696132524729,0.8280035285391795,0.6855898432733318
1105,-0.23949285389994393,0.7272368997498426,0.5288735083577627
1106,-0.6414300726578124,0.6548247631454431,0.42879547042848565
1107,-0.595514587264198,0.6629960707870393,0.4395637898790527
1108,-0.2500281897435158,0.6592918918478531,0.4346657986563212
1109,0.4791628284186061,0.6109846956569998,0.3733022983270766
1110,-1.2724795040164611,0.6081946910520263,0.3699007822238697
1111,-0.4010886533819784,0.8036051810203301,0.6457812869627175
1112,0.6473515621148422,0.7208628120190307,0.5196431937519843
1113,-1.5349793685307531,0.7039877308914523,0.49559872524569587
1114,-0.15042399896878847,0.9319826004333082,0.8685915675104314
1115,0.024742045809829007,0.7909996310994154,0.6256804163994113
1116,0.07117829061350435,0.6895873284840854,0.4755306836058179
1117,1.1294400586114,0.6215558542676779,0.38633167997442286
1118,-0.02145754149063796,0.766110943130222,0.5869259771838783
1119,-0.4642807683168988,0.6724936219234287,0.45224767152769146
1120,-0.2897162561475722,0.6437856236996916,0.4144599292824009
1121,0.024196757823646314,0.6045354078833378,0.36546305938467366
1122,-0.5190439277898654,0.5651503625130567,0.31939493224863946
1123,-0.9082211480285527,0.5878080291594271,0.3455182791442899
1124,-0.5552297217905083,0.6872292908715653,0.47228409823183437
1125,-0.19086634432173594,0.6671030413144686,0.4450264677310137
1126,1.0115241758089184,0.6118021517758473,0.3743018729175569
1127,-0.4649256899874455,0.7274732678248159,0.5292173553997164
1128,-0.4113284997119391,0.6787942196880364,0.4607615926818903
1129,-0.8848325972817881,0.6405428811127238,0.4102951825441891
1130,0.950186177126258,0.7090577230162579,0.5027628545690004
1131,0.28079651084758955,0.7630389681934749,0.5822284669817628
1132,0.5493430457284696,0.681987108595092,0.4651064162898938
1133,0.3115010995683201,0.6628871745266932,0.4394194061519826
1134,-0.4407707104073577,0.6189169820724295,0.38305823069764405
1135,0.12611062805074777,0.6071990631161973,0.36869070224918776
1136,-0.5629626487130018,0.5695570203684469,0.3243951994509835
1137,0.2833287397137158,0.5983498211245507,0.3580225084397818
1138,0.6891113972521277,0.5752117349406405,0.3308685400134216
1139,1.6210707081638986,0.627292617183248,0.39349602757260893
1140,-0.8218958379164893,0.9282627131997526,0.8616716647169661
1141,1.070921577685851,0.8672401930878603,0.7521055525070692
1142,0.7762764261439657,0.8835371733067443,0.7806379366148719
1143,-0.9658244741577842,0.8300022770609082,0.6889037799262927
1144,0.20444114541049233,0.8366036402814703,0.6999056509322077
1145,0.9907204306938316,0.7268442934677793,0.5283026269466754
1146,-0.4920955734318676,0.7831264077572915,0.6132869705268396
1147,0.31729816190458826,0.7186124080436904,0.5164037929943515
1148,-0.10383168300772734,0.6557270015076525,0.429977900506217
1149,0.21196846561960508,0.6001191081635159,0.36014294398297364
1150,-0.41508707727421607,0.5701507629331124,0.3250718924732101
1151,0.05271986407852542,0.5740231631458231,0.3295025918279363
1152,0.2627111565057229,0.5461295010438947,0.2982574319104534
1153,-0.29181172683620976,0.5410710577149612,0.29275788949678694
1154,-0.4464737390513986,0.5410042056046315,0.2926855504818983
1155,-0.03635527799424854,0.5616752533463142,0.3154790902216462
1156,-0.2696453298759444,0.5381001722547537,0.28955179538059556
1157,0.019587260520057798,0.5369104189835943,0.2882727980131387
1158,-0.3948658524284246,0.5225326888940245,0.27304041096281934
1159,0.4868850926304033,0.543146439609519,0.29500805486049686
1160,0.1545460410537928,0.5695755012300313,0.3244162516014414
1161,-0.7712231997630894,0.5471989096498137,0.29942664672194497
1162,0.919595082265275,0.631358086036546,0.3986130328037306
1163,-0.5933416612997088,0.7129507996682056,0.5082988427475339
1164,-0.23299919630929736,0.6894854393352335,0.4753901710553
1165,0.7242433654037477,0.6293582665933098,0.3960918277293357
1166,-0.5280800504340398,0.6652524235986448,0.4425607871038707
1167,1.338184046671166,0.6490841087221332,0.42131018019560607
1168,-1.9615928475463922,0.8431686762863093,0.7109334166704071
1169,-3.2886656048944194,1.1384767674007568,1.296129349911277
1170,0.3900367833528827,1.7437723194585586,3.0407419021098816
1171,-2.007154167691813,1.3981669713376803,1.9548708797395815
1172,0.11696917626989346,1.4417545208600082,2.078656098420272
1173,-0.9790103555159204,1.1618648874510387,1.3499300166916146
1174,-0.31581421837227047,1.0495952864111244,1.1016502652564504
1175,0.25562026293428497,0.8837068989541089,0.7809378832590878
1176,0.07605423585934099,0.7626474111409356,0.5816310737199712
1177,-0.17014493882124726,0.6709213766086249,0.4501354935904124
1178,-0.29112143397615114,0.6130833191300711,0.3758711561955446
1179,-0.12461112821437183,0.5852119544074548,0.34247303158139286
1180,-0.38038198108273513,0.5555082408063875,0.30858940560380743
1181,0.660994909643087,0.5604388759434608,0.31409173366876975
1182,-0.6523913049149647,0.6130561918095897,0.3758378943160764
1183,0.17623755097098423,0.6408007643061734,0.4106256195353759
1184,0.19716127262526764,0.5937906252170673,0.3525873065956756
1185,-1.003981458959723,0.5650901675326234,0.3193268974420484
1186,0.22402027482863862,0.7022762223315038,0.49319189245220774
1187,0.722525352430529,0.6371437453025686,0.4059521521781844
1188,-0.14707395264232037,0.6693129823093846,0.44797986828788267
1189,0.4119792220722482,0.6108306397700567,0.3731140704818967
1190,-0.03976514852872026,0.5981754075294211,0.35781381817298896
1191,0.09052488793303955,0.5612526563957587,0.31500454431129565
1192,0.46082214833002483,0.539111934252837,0.29064167765383525
1193,-0.0937697588385963,0.5629000062805125,0.316856417070601
1194,0.3055682450708672,0.5402521668414578,0.29187240377689033
1195,-0.8412511602838465,0.5420312101210336,0.2937978327452721
1196,0.0648577331737601,0.6463895130514935,0.41781940258294686
1197,-1.0508969372577712,0.5929021391935231,0.3515329466602558
1198,-0.3032578090115169,0.7292438841318495,0.5317966425437063
1199,-0.451965073150837,0.6614159396866066,0.43747104527151687
1200,0.2629993531363539,0.6350882715281069,0.4033371126325584
1201,-0.25212361294814567,0.5965199070689621,0.35583599952956313
1202,1.062088940947338,0.5711522239814384,0.3262148629589432
1203,-0.2839075421229987,0.7220356649583825,0.5213355014718936
1204,-0.6946258540440238,0.6549213688512542,0.4289219993780006
1205,-1.4048241461272057,0.6736870304882514,0.4538542150480782
1206,-0.022120838398462902,0.875796040946323,0.7670187053372535
1207,-0.2508860761944674,0.7485379679753341,0.5603090895006423
1208,0.5156631826407561,0.6699061265177656,0.4487742183460366
1209,0.5677445474764236,0.6499586406794363,0.42244623459386066
1210,0.4973308417320068,0.6464785495236158,0.4179345149941582
1211,-0.5827936047998807,0.6326359950430169,0.4002283022240682
1212,-0.7941299512757495,0.6388009537356444,0.4080666584935688
1213,-0.2906325312277611,0.686271426622722,0.47096847099878614
1214,-0.5750637795741979,0.632039979938645,0.3994745362408428
1215,0.08536707098794806,0.6370434772133986,0.40582439186013797
1216,-0.17616932083234488,0.5873262657823972,0.3449521424778951
1217,0.39949896738381246,0.5596234550188574,0.313178411407243
1218,-0.29757522653182045,0.5655324321667965,0.31982693183249233
1219,-1.0310031472301942,0.5564228268040307,0.3096063621885883
1220,0.4836123714707816,0.7059442720448025,0.4983573152328661
1221,1.7177998275234752,0.6676755007543996,0.44579057430763824
1222,0.6246566092901429,0.9785916380556903,0.9576415940725191
1223,-1.3518011233479452,0.867539124391219,0.7526241323494831
1224,-1.4249078768293777,0.9576260934345112,0.9170477348266431
1225,1.6467385878957386,1.0277651153770822,1.056301132386067
1226,-0.1550394458537674,1.1296593622878581,1.2761302748046104
1227,-0.010414994877953663,0.9329981837264716,0.8704856108368948
1228,-0.45353945804079854,0.7888682151828647,0.6223130609257984
1229,0.7117390188399545,0.7173056841789749,0.5145274445554673
1230,0.1501524480774177,0.7141645139049774,0.5100309529211325
1231,-0.7722296058171148,0.6407243738811625,0.4105277232854078
1232,-0.3431152210078096,0.6823374141810897,0.465584346791336
1233,-0.18411470379358968,0.6347410645706241,0.40289621905224915
1234,-0.2806362699776575,0.590353602734793,0.34851737626194973
1235,0.4231526240281789,0.5699664630156448,0.32486176896256436
1236,-0.5018986345371451,0.5750901581682,0.3307286900219253
1237,-0.2539545047479858,0.5906078748909511,0.34881766188320534
1238,0.9323380709916347,0.5676171026548461,0.32218917522628215
1239,1.1888929944192768,0.6834942288416559,0.4671643608598498
1240,1.5480337741485692,0.814243162054037,0.6629919269517568
1241,0.4135665061230793,0.9884719871356936,0.9770768693519869
1242,0.7125754569408935,0.8487953655673212,0.7204535726085624
1243,-0.6351433191080316,0.7961312077365401,0.633824899932042
1244,-0.5244255507521293,0.7489835426234267,0.5609763471207385
1245,-1.0437585216647562,0.701134965558542,0.49159023992877793
1246,0.38960600556783015,0.7828413084826492,0.6128405142668263
1247,0.5068672699102318,0.7057356987392659,0.4980628764749998
1248,0.40082698621077134,0.6709848073885505,0.4502206117462502
1249,-0.20711136406033911,0.6342435034138798,0.4022648216227121
1250,-0.2236358655926986,0.5915555057627425,0.34993791639821414
1251,0.5396507828290823,0.5656547974823581,0.31996534991480763
1252,-0.5957371819701387,0.5917970965039393,0.35022380343049286
1253,0.1284217655326554,0.617344992734727,0.38111484005464014
1254,0.7103911009956287,0.5761660646074958,0.33196733400528894
1255,0.33968356432931873,0.6325436772887147,0.4001115036779297
1256,0.24835564573815094,0.6026142107367299,0.3631438869818519
1257,0.2975602223641671,0.5746498390699452,0.3302224375431139
1258,0.2693303062023462,0.5619981136201001,0.3158418797125509
1259,-0.0717575751955644,0.5513736397356519,0.3040128905953405
1260,-0.8915731110285405,0.5323885463426065,0.2834375642767937
1261,-1.220272178121554,0.655013786899099,0.42904306102789824
1262,0.22249780421229512,0.8094681428915181,0.6552386743562433
1263,-0.16439265436352307,0.7092561308791094,0.5030442591896045
1264,1.1613439427936953,0.6381469615029908,0.40723154447549964
1265,0.11620804494630091,0.7836344028805914,0.614082877378021
1266,1.4871960364406418,0.6864040999067975,0.4711505883688609
1267,-0.7500906819618406,0.9083175453453861,0.8250407631822676
1268,1.2233194040217232,0.8411609026473807,0.7075516641425563
1269,0.46834373099310994,0.9076525058284953,0.8238330713367467
1270,1.0989741421729002,0.798854813388614,0.6381690128741573
1271,-0.7024866027006962,0.8511464273304722,0.7244502407574267
1272,-0.6057829728495543,0.7958439733071108,0.6333676298492492
1273,-0.38018441347488935,0.7439187992976373,0.5534151799484384
1274,1.0417667266669588,0.6789382487523531,0.46095714561891216
1275,0.409916021759456,0.7704737957448166,0.5936298699294252
1276,0.9012487489162676,0.699845805114723,0.48978415093667493
1277,-0.7911911460306611,0.7458688571368511,0.5563203520466324
1278,1.2645314980139604,0.7476556006206612,0.5589888971394417
1279,1.1163413152629538,0.8690231988719007,0.7552013201775511
1280,-0.5296887237586823,0.895747943642147,0.802364378539135
1281,-0.5700697527363684,0.7984564208138734,0.6375326559389013
1282,-0.026493902048800158,0.7399429019595509,0.5475154981603216
1283,0.3771895982831058,0.6547134367533228,0.4286496842653472
1284,-0.10135362952147603,0.6210025838672513,0.38564420916980247
1285,0.374027964748981,0.5774435358936116,0.3334410371453168
1286,-0.6631399759415972,0.5727512601208687,0.3280440059700431
1287,0.8335986518237034,0.6203042230393006,0.3847773291203903
1288,0.8244033864578527,0.6854514862021187,0.46984373993669337
1289,0.6494630163441824,0.7196071377374262,0.5178344326826512
1290,-0.7188368126370034,0.7036057855996974,0.49506110152936744
1291,0.6950884800073532,0.7073767974411133,0.5003819335580457
1292,-0.7752557412770871,0.7048820888223888,0.49685875914261396
1293,1.0071480108552853,0.7199441286392892,0.5183195483621855
1294,-0.9782059555908841,0.7834929177543745,0.6138611521712629
1295,-0.15844047651352702,0.8122155315022317,0.6596940696134528
1296,0.5984952709916492,0.707698465935626,0.5008371186876384
1297,-0.7134831568982658,0.6871255992120047,0.4721415890924565
1298,-1.3275472954528775,0.6964887626451535,0.485096596490977
1299,-0.4480720012119623,0.8622843627408746,0.7435343222274362
1300,-0.36569570922632266,0.7656855078885065,0.5862742969904803
1301,-0.3188604977730163,0.6917450748242424,0.4785112485435968
1302,0.07850462270434855,0.6383111721834182,0.40744115253416924
1303,-0.04638760522588529,0.5879602764453496,0.34569728667769195
1304,0.027418186999748618,0.5548411790686896,0.3078487339903337
1305,-0.47075117287011553,0.5337223920633937,0.28485959178987086
1306,-0.2599885022932583,0.561459783444585,0.31523708842564035
1307,0.22546453693882493,0.5501463962622336,0.30266105732032256
1308,-0.5183769706939089,0.540151354599432,0.2917634858756013
1309,-0.6695590121470629,0.573411744102368,0.3288010282745195
1310,-0.044205440137615355,0.6220470007275832,0.3869424711141819
1311,1.280914566261365,0.576676951902936,0.3325563068560612
1312,1.710340285728232,0.7922639770466311,0.6276822093257448
1313,-2.4610692485488115,1.0303698870757203,1.0616621041924328
1314,-0.6667393114662127,1.3958401168278487,1.9483696317459822
1315,-0.20572149969724512,1.1653025533905248,1.3579300409384771
1316,-0.15420957212126737,0.9608445720565959,0.923222291650623
1317,-0.0694420546126425,0.8115968786393518,0.6586894934171387
1318,-0.45192063612591465,0.704399131061395,0.4961781358400482
1319,-0.156134878176064,0.662233594568653,0.4385533337753192
1320,-0.7269226352819222,0.6066363163393719,0.3680076203018024
1321,-1.0779401860234719,0.6530603920910564,0.42648787571812435
1322,-0.8816476610743569,0.7669965673715483,0.588283734359738
1323,-0.031669365076366016,0.7800197178734776,0.6084307602714196
1324,0.4159867251624241,0.6820990000723647,0.4652590458997198
1325,1.496399059420714,0.6432452243445757,0.4137644186421035
1326,-0.6274039869687781,0.8922447423169843,0.7961006801923016
1327,0.7724073832096877,0.8101774871521948,0.6563875606882448
1328,-0.06604503758175027,0.7830422527171279,0.6131551695403143
1329,-0.2717347609582139,0.6846645099039556,0.4687654911220236
1330,0.41481299447683007,0.6293069606605489,0.3960272507358177
1331,-0.10014520624687903,0.6099428780786423,0.37203031451885754
1332,-0.4499470676756762,0.5702841407387729,0.3252240011781605
1333,-0.43344101875478047,0.5793314020911384,0.33562487344888425
1334,-0.5799583816850464,0.5821933934846453,0.338949147417167
1335,-0.6684369269457292,0.6088019656240014,0.3706398333476478
1336,0.2781904981975644,0.6416739710082673,0.4117454850695187
1337,0.11242311139348829,0.6021007238819706,0.362525281699193
1338,-0.6414088688543759,0.565723395498714,0.32004296021459433
1339,-0.9239097855126414,0.6118062140398434,0.3743068435377666
1340,0.6554663187325575,0.7037797698682898,0.49530596447586295
1341,-0.1480317700080909,0.6950617222118334,0.4831107976840799
1342,-0.09785014964795628,0.6278926338131333,0.3942491595967936
1343,-0.10923199374966572,0.5817769556413365,0.33846442611530164
1344,-0.08533449038756166,0.5526888648786824,0.3054649813608864
1345,-0.49772141360215744,0.5336060193311848,0.2847353838664728
1346,0.642060876521674,0.5660269882536606,0.3203865514315096
1347,0.6457849218320482,0.6121113989225015,0.37468036469086186
1348,0.07767395723127757,0.6389177191686282,0.408215851867642
1349,-1.538196754065071,0.588333374751916,0.34613615984697843
1350,0.020240625439667752,0.8836806814406724,0.7808915467514511
1351,0.019000577807836032,0.7540668833959681,0.5686168646345084
1352,0.40241803161983797,0.6642607343296091,0.44124232317211143
1353,0.2971835499443657,0.6301852492226582,0.3971334483378238
1354,0.7171775988787662,0.5966101587085166,0.35594368147420136
1355,-0.13870720174989867,0.6453177128757767,0.4164349505512233
1356,-1.409244235925675,0.594734317064512,0.3537089078941914
1357,1.5177873778425048,0.8422702701831893,0.7094192080344628
1358,1.9354263960247953,0.9931702923911302,0.986387229688283
1359,0.6809379533904362,1.200419678570322,1.4410074046988752
1360,-1.648685466350645,1.0282702670469648,1.0573397420928363
1361,0.9473823399765499,1.1305028078898656,1.2780365986468705
1362,-0.053275458156951644,1.0229020572899494,1.046328618808011
1363,-1.046040509827983,0.8534429249652101,0.7283648261731732
1364,0.6259384805812727,0.8694015443649391,0.7558590453441412
1365,2.099406014355831,0.7949057953625468,0.6318752235009631
1366,0.17543006324610239,1.1664588534205846,1.360626256723265
1367,-0.01585329599669348,0.9604847190101805,0.9225308954520653
1368,-0.8794099031233182,0.8084360226202386,0.653568802670031
1369,-0.3334985065778964,0.8042472487638931,0.6468136371442914
1370,1.334016268776661,0.7143755546381135,0.5103324330645123
1371,-0.25096423674165247,0.8729944678581121,0.7621193409108683
1372,-0.411994365847322,0.7548961611845598,0.5698682141711849
1373,-0.3548887678841914,0.6898324434242697,0.47586880000069837
1374,0.2106705785642661,0.6408669811392149,0.4107104875144909
1375,-0.6504713508301259,0.5960727397249559,0.35530271104321504
1376,0.2965503951827104,0.6307172284598564,0.39780422227608275
1377,-0.483513125486605,0.5968843780350211,0.356270960742254
1378,0.3945843244830879,0.6004328146836393,0.3605195649489175
1379,1.013366637195,0.5894498255109637,0.3474510967949055
1380,-0.3723219979665015,0.7168354388232517,0.5138530463529238
1381,0.22613282758033157,0.6603306458477509,0.4360365618457078
1382,0.5294611474944034,0.6097943491451195,0.3718491482493199
1383,0.4281298618239834,0.6157721252953969,0.3791753102908101
1384,0.32297569341096555,0.6034602073803795,0.36416422189157066
1385,0.7662780126397113,0.5825471593285828,0.3393611928418012
1386,-1.5787225618534315,0.6488860564352525,0.4210531142360938
1387,-0.13434179885597164,0.9225534423558717,0.8511048540026687
1388,-0.7366539196872326,0.7837553548050392,0.6142724561855729
1389,0.30979379650628924,0.7596678703153481,0.5770952731894565
1390,0.9406504212229548,0.6822401360110895,0.4654516031844299
1391,0.2027508197646602,0.7458120439494407,0.5562356049000424
1392,-0.359882866770178,0.6648029346528742,0.4419629419230738
1393,0.3908643134849631,0.62536461421541,0.3910809007127886
1394,1.4443574824592338,0.6043207118235213,0.36520352273888745
1395,-0.17351747454322497,0.8581117765597485,0.7363558210705277
1396,-0.10314198678507401,0.7401588717543608,0.5478351554366883
1397,0.31506312342402204,0.6563754620258191,0.43082874714960745
1398,-0.056244627559910144,0.6151017823402112,0.3783502026381046
1399,0.5682770964417366,0.5724009199929131,0.32764281320873334
1400,-0.6858144024123738,0.6009770874112341,0.36117345959329017
1401,-0.34005974705322417,0.6409152476476296,0.4107723546672224
1402,-1.4557260420526474,0.6079404075347468,0.369591539113514
1403,0.08318400040540673,0.8634712417736689,0.7455825853701618
1404,0.1807167767431652,0.7407654600524962,0.5487334668067864
1405,-0.47324888183815056,0.6601301316887145,0.4357717907633596
1406,-0.5431786375328658,0.6373821265851654,0.4062559752902277
1407,0.1821330879312372,0.6346354793332537,0.4027621916285487
1408,1.6093779390794452,0.5901625261917286,0.3482918073210028
1409,-1.1648005414996276,0.9093924095525112,0.8269945545517222
1410,0.4414227520721619,0.9314229936106359,0.8675487930265986
1411,-0.158619978405894,0.8120961057814226,0.6595000850253514
1412,-1.7842963102960716,0.7076242721424331,0.5007321105251081
1413,0.9250124500761446,1.0184212934254173,1.0371819309022998
1414,0.12997562893005926,0.9452188979810732,0.8934387651005543
1415,-0.5873369036885846,0.7996511688752074,0.6394419918834855
1416,-0.07810510178650693,0.7434097946738326,0.55265812281699
1417,-0.4078413624140187,0.6578867342295406,0.4328149550752101
1418,0.8662429121064104,0.6268619372910359,0.39295588842427065
1419,-0.587532027610926,0.6970286146274637,0.48584888960948125
1420,-1.1082312256544242,0.6786369504082502,0.4605481104594099
1421,-0.03846643715563979,0.788647041571036,0.6219641561787475
1422,-0.4829822821659419,0.6880947805823978,0.47347442706473825
1423,1.156568781261505,0.6563071180598967,0.43073903321608725
1424,-0.1600475881878423,0.7911849904335881,0.625973689087397
1425,0.9220413534201366,0.6933305557592188,0.4807072595493872
1426,-0.09168291822128358,0.7472994093487562,0.5584564072129998
1427,-0.9582467584471229,0.6608744175912047,0.436754995826514
1428,1.7417105961722525,0.7387153494484815,0.5457003675107921
1429,-0.6579112854471045,1.0169225047515744,1.034131380670216
1430,-0.4271808939774581,0.8983586590587647,0.8070482803058618
1431,1.0308757318784652,0.7878614544571864,0.6207256714193932
1432,1.0512658910334416,0.8276329849437057,0.6849763577668282
1433,0.5166934608758332,0.8555803932946127,0.7320178093901641
1434,0.4056589634496537,0.7698084905588323,0.5926051121364677
1435,1.3942056544445292,0.6989097983340126,0.48847490620729017
1436,1.512610882176685,0.8842210272897799,0.7818468251013937
1437,1.0031407267672168,1.0132652324227365,1.026706431236702
1438,0.22299545076843258,0.9577484650375762,0.9172821222818331
1439,-1.7644950085930462,0.8125974818948083,0.6603146675817833
1440,0.4428269772738537,1.0577699785960202,1.118877327619025
1441,-0.3810682467999635,0.900303028391949,0.8105455429317145
1442,1.4689902861832145,0.7844551787724193,0.6153699275028683
1443,-0.07730777979437588,0.9491092922745249,0.9008084486818495
1444,-0.14169030553928338,0.8010495413970704,0.6416803677724568
1445,-0.17717647191843044,0.6993021158270846,0.4890234492002372
1446,0.4140425113642762,0.632212282354934,0.3996923699604348
1447,-0.16614097857307222,0.6116385061616283,0.37410166221962826
1448,0.4258329583049848,0.5744402164577447,0.3299815622840206
1449,0.8447725721982442,0.5781484922112721,0.3342556790461673
1450,0.15611153060327515,0.6657939224530275,0.4432815471753879
1451,0.5236275464029977,0.6089688746583788,0.3708430903026922
1452,0.4796601670013996,0.6142825210373644,0.37734301565202
1453,0.48712194415549437,0.6102627176493531,0.3724205845527741
1454,-0.8787310838786901,0.6090237338784344,0.37090990842723015
1455,-0.4691371891867388,0.6906371034134074,0.47697960861126165
1456,0.31652426053451976,0.6559006827427181,0.43020570562236377
1457,0.3353198314923407,0.6149479204573369,0.3781609448748032
1458,0.12754126860935414,0.5910875102751642,0.3493844448032922
1459,-1.3271835077992222,0.5593603685654464,0.31288402192167203
1460,-0.7343948481892374,0.8000085160970806,0.6400136258278528
1461,-1.485069260830362,0.7693343448112078,0.5918753341060903
1462,1.6553549106838483,0.9466843942710272,0.8962113423563017
1463,-1.6594677407588054,1.0889291902960483,1.1857667814788073
1464,0.19372259887032378,1.167144680582108,1.362226705411111
1465,0.8285914671467852,0.9616869097108898,0.924841712309281
1466,-0.7628714911679048,0.8900661724115017,0.792217791271261
1467,-1.0472222792591468,0.8317002207346738,0.6917252571701051
1468,-0.10990317832074724,0.856953939682529,0.7343700547374076
1469,-1.6099532542795725,0.7369109678675199,0.5430377745634449
1470,-0.0957558345188006,0.9717060054003701,0.944212560931144
1471,-0.5337972581335558,0.8175337133889738,0.6683613725275648
1472,0.2969280525421562,0.746997139268096,0.5580047260747192
1473,-1.35858099445309,0.6726336962434509,0.452436089322127
1474,0.5602807388908142,0.8605870771113785,0.7406101172911057
1475,0.7736831627700175,0.7791976460751603,0.6071489716490708
1476,-0.6615231443833165,0.7642031865022586,0.5840065102602059
1477,0.2784991902787632,0.7334347143864146,0.5379264802670816
1478,-0.032545756793051626,0.6620183139139235,0.43826824795743424
1479,0.9602697100261159,0.6026381949656917,0.36317279403150704
1480,0.5426178280497103,0.7087504917935735,0.5023272596176324
1481,-0.048424873322096725,0.6784417272205892,0.4602831772340564
1482,-1.0531852158276536,0.613709133068497,0.37663890001168604
1483,-0.9934193728748815,0.7401507682726539,0.5478231597745998
1484,-0.3678847262430832,0.7912460464011081,0.6260703059453845
1485,-0.5927064178622595,0.7090204636876289,0.5027100179278203
1486,-0.45453111648928674,0.6869397282962418,0.4718861903117145
1487,0.7434531745984468,0.6514993640506705,0.4244514213584282
1488,0.13006155943086473,0.6820669889234917,0.46521537737915863
1489,0.631646385299422,0.6184758914265073,0.38251242827581283
1490,0.014750841828196526,0.6397678392806666,0.4093028881778529
1491,-0.07231300787076315,0.5878990137546072,0.3456252503736398
1492,-0.3785258630071232,0.5553566281639639,0.3084209844456473
1493,-0.6659038827374814,0.5600972741055306,0.3137089564604459
1494,0.09374410573900906,0.6139307534936153,0.3769109700852382
1495,0.8078268933004655,0.5726291762766758,0.3279041735233042
1496,-0.040524623563920524,0.6536507951665621,0.42725936202187886
1497,0.4486611838602921,0.597230329300285,0.3566840662361268
1498,-0.586045989048579,0.5952056882475669,0.3542698113222599
1499,-0.1999138162684458,0.6174559636519363,0.38125186704934133
